Date,TextBlob sentiment,VADER sentiment,Emotion,Annotated Emotions,Tweet Id
,,,,,
2/2/2020,positive,neutral,positive,Positive,1.22403E+18
,,,,,
2/12/2020,neutral,negative,positive,Neutral,1.22766E+18
,,,,,
3/1/2020,neutral,negative,trust,Negative,1.23394E+18
,,,,,
3/1/2020,neutral,negative,trust,Negative,1.23394E+18
,,,,,
3/4/2020,neutral,negative,positive,Fear,1.23514E+18
,,,,,
3/9/2020,negative,negative,positive,Negative,1.23686E+18
,,,,,
3/12/2020,neutral,negative,fear,Positive,1.23817E+18
,,,,,
3/12/2020,positive,positive,anger,Positive,1.238E+18
,,,,,
3/18/2020,neutral,negative,fear,Fear,1.24012E+18
,,,,,
3/19/2020,positive,positive,anticipation,Anticipation,1.24068E+18
,,,,,
3/19/2020,negative,negative,trust,Positive,1.24056E+18
,,,,,
3/20/2020,positive,positive,positive,Positive,1.24101E+18
,,,,,
3/21/2020,neutral,negative,positive,Neutral,1.24126E+18
,,,,,
3/22/2020,positive,neutral,positive,Positive,1.24179E+18
,,,,,
3/23/2020,neutral,neutral,fear,Neutral,1.24216E+18
,,,,,
3/23/2020,negative,negative,positive,Negative,1.24211E+18
,,,,,
3/27/2020,neutral,negative,fear,Fear,1.24354E+18
,,,,,
3/28/2020,neutral,negative,anger,Negative,1.24391E+18
,,,,,
4/1/2020,negative,neutral,surprise,Negative,1.24536E+18
,,,,,
4/2/2020,positive,neutral,positive,Positive,1.24586E+18
,,,,,
4/7/2020,negative,neutral,negative,Negative,1.24755E+18
,,,,,
4/7/2020,positive,negative,fear,Positive,1.24736E+18
,,,,,
4/9/2020,positive,neutral,trust,Trust,1.24826E+18
,,,,,
4/14/2020,negative,neutral,positive,Negative,1.25009E+18
,,,,,
4/16/2020,negative,negative,positive,Positive,1.25082E+18
,,,,,
4/18/2020,positive,neutral,positive,Positive,1.2514E+18
,,,,,
4/21/2020,neutral,negative,positive,Positive,1.25264E+18
,,,,,
4/22/2020,positive,neutral,fear,Fear,1.25277E+18
,,,,,
4/24/2020,positive,negative,trust,Trust,1.25373E+18
,,,,,
4/28/2020,positive,positive,trust,Trust,1.25511E+18
,,,,,
5/1/2020,neutral,negative,positive,Anticipation,1.25602E+18
,,,,,
5/4/2020,neutral,neutral,positive,Anticipation,1.2571E+18
,,,,,
5/5/2020,neutral,neutral,fear,Neutral,1.25772E+18
,,,,,
5/7/2020,neutral,neutral,anger,Anger,1.25838E+18
,,,,,
5/16/2020,neutral,negative,fear,Positive,1.26155E+18
,,,,,
5/22/2020,positive,neutral,positive,Positive,1.26376E+18
,,,,,
5/23/2020,positive,positive,positive,Positive,1.2642E+18
,,,,,
6/6/2020,positive,negative,positive,Positive,1.26915E+18
,,,,,
6/7/2020,neutral,neutral,positive,Positive,1.26968E+18
,,,,,
6/23/2020,neutral,negative,fear,Anticipation,1.27532E+18
,,,,,
6/24/2020,positive,positive,positive,Positive,1.27563E+18
,,,,,
6/24/2020,neutral,negative,positive,Positive,1.27562E+18
,,,,,
6/27/2020,neutral,negative,positive,Anticipation,1.27679E+18
,,,,,
7/1/2020,positive,negative,positive,Positive,1.27836E+18
,,,,,
7/3/2020,positive,positive,positive,Positive,1.27914E+18
,,,,,
7/8/2020,positive,negative,fear,Negative,1.28085E+18
,,,,,
7/11/2020,positive,negative,trust,Trust,1.28185E+18
,,,,,
7/14/2020,neutral,negative,positive,Anticipation,1.28296E+18
,,,,,
7/18/2020,neutral,negative,positive,Trust,1.28443E+18
,,,,,
7/19/2020,neutral,negative,positive,Positive,1.28491E+18
,,,,,
7/20/2020,neutral,negative,negative,Neutral,1.28523E+18
,,,,,
7/20/2020,neutral,negative,positive,Anticipation,1.28513E+18
,,,,,
7/21/2020,positive,neutral,trust,Trust,1.28547E+18
,,,,,
7/24/2020,neutral,negative,fear,Anticipation,1.28661E+18
,,,,,
7/27/2020,positive,neutral,positive,Positive,1.28764E+18
,,,,,
8/4/2020,positive,positive,positive,Positive,1.29056E+18
,,,,,
8/4/2020,neutral,negative,positive,Positive,1.2905E+18
,,,,,
8/9/2020,neutral,neutral,positive,Trust,1.29244E+18
,,,,,
8/13/2020,neutral,negative,trust,Trust,1.29382E+18
,,,,,
8/17/2020,neutral,negative,positive,Positive,1.29538E+18
,,,,,
8/27/2020,positive,neutral,positive,Positive,1.29887E+18
,,,,,
8/29/2020,positive,neutral,trust,Trust,1.29964E+18
,,,,,
8/30/2020,positive,negative,positive,Positive,1.30002E+18
,,,,,
8/30/2020,positive,positive,positive,Trust,1.30001E+18
,,,,,
9/5/2020,neutral,negative,positive,Anticipation,1.30225E+18
,,,,,
9/7/2020,positive,negative,positive,Trust,1.30306E+18
,,,,,
9/8/2020,positive,negative,negative,Negative,1.30321E+18
,,,,,
9/15/2020,neutral,neutral,positive,Positive,1.30594E+18
,,,,,
9/15/2020,positive,positive,positive,Positive,1.30579E+18
,,,,,
9/19/2020,positive,neutral,positive,Positive,1.30722E+18
,,,,,
9/21/2020,neutral,neutral,positive,Positive,1.30796E+18
,,,,,
9/23/2020,negative,negative,fear,Fear,1.30882E+18
,,,,,
9/26/2020,positive,positive,positive,Anticipation,1.3099E+18
,,,,,
10/2/2020,negative,neutral,positive,Positive,1.31206E+18
,,,,,
10/5/2020,negative,positive,positive,Anger,1.31303E+18
,,,,,
10/5/2020,negative,positive,positive,Anger,1.31301E+18
,,,,,
10/6/2020,negative,positive,positive,Anger,1.3134E+18
,,,,,
10/6/2020,positive,positive,positive,Anger,1.3134E+18
,,,,,
10/6/2020,negative,neutral,positive,Anger,1.3134E+18
,,,,,
10/6/2020,negative,positive,positive,Anger,1.31336E+18
,,,,,
10/13/2020,negative,positive,positive,Anger,1.316E+18
,,,,,
10/13/2020,negative,positive,positive,Anger,1.316E+18
,,,,,
10/13/2020,negative,positive,positive,Anger,1.316E+18
,,,,,
10/14/2020,positive,neutral,positive,Anger,1.31642E+18
,,,,,
10/15/2020,neutral,negative,positive,Neutral,1.31666E+18
,,,,,
10/29/2020,neutral,negative,fear,Neutral,1.32168E+18
,,,,,
11/3/2020,neutral,negative,positive,Neutral,1.32361E+18
,,,,,
11/3/2020,positive,positive,positive,Positive,1.32355E+18
,,,,,
11/4/2020,negative,neutral,positive,Anger,1.32398E+18
,,,,,
11/4/2020,negative,neutral,positive,Anger,1.32397E+18
,,,,,
11/4/2020,negative,positive,positive,Anger,1.32396E+18
,,,,,
11/4/2020,negative,positive,positive,Anger,1.32396E+18
,,,,,
11/4/2020,negative,positive,positive,Anger,1.32396E+18
,,,,,
11/4/2020,negative,positive,positive,Anger,1.32396E+18
,,,,,
11/4/2020,negative,positive,positive,Anger,1.32396E+18
,,,,,
11/4/2020,negative,positive,positive,Anger,1.32396E+18
,,,,,
11/4/2020,negative,positive,positive,Anger,1.32396E+18
,,,,,
11/4/2020,negative,positive,positive,Anger,1.32396E+18
,,,,,
11/5/2020,negative,negative,positive,Negative,1.32445E+18
,,,,,
11/7/2020,neutral,neutral,positive,Anticipation,1.32498E+18
,,,,,
11/9/2020,positive,neutral,positive,Positive,1.32586E+18
,,,,,
11/9/2020,neutral,neutral,positive,Positive,1.3258E+18
,,,,,
11/9/2020,positive,neutral,positive,Positive,1.32578E+18
,,,,,
11/10/2020,positive,neutral,positive,Positive,1.32606E+18
,,,,,
11/10/2020,positive,negative,positive,Positive,1.32596E+18
,,,,,
11/11/2020,positive,neutral,positive,Positive,1.32657E+18
,,,,,
11/15/2020,neutral,neutral,positive,Positive,1.32798E+18
,,,,,
11/16/2020,positive,neutral,positive,Positive,1.32835E+18
,,,,,
11/16/2020,positive,neutral,positive,Positive,1.32834E+18
,,,,,
11/16/2020,positive,neutral,positive,Positive,1.32832E+18
,,,,,
11/18/2020,positive,positive,positive,Positive,1.32921E+18
,,,,,
11/19/2020,positive,positive,positive,Trust,1.32944E+18
,,,,,
11/21/2020,positive,neutral,positive,Positive,1.33003E+18
,,,,,
11/23/2020,positive,negative,positive,Negative,1.33099E+18
,,,,,
11/24/2020,positive,negative,positive,Positive,1.33111E+18
,,,,,
11/26/2020,neutral,negative,negative,Positive,1.33185E+18
,,,,,
11/29/2020,neutral,negative,fear,Positive,1.3331E+18
,,,,,
11/30/2020,neutral,negative,fear,Negative,1.33344E+18
,,,,,
11/30/2020,positive,positive,positive,Positive,1.33338E+18
,,,,,
11/30/2020,positive,negative,anticipation,Anticipation,1.33327E+18
,,,,,
12/1/2020,neutral,negative,positive,Anticipation,1.33375E+18
,,,,,
12/2/2020,neutral,negative,fear,Positive,1.33409E+18
,,,,,
12/3/2020,positive,positive,positive,Positive,1.33451E+18
,,,,,
12/3/2020,positive,negative,fear,Fear,1.33445E+18
,,,,,
12/8/2020,positive,negative,positive,Positive,1.33623E+18
,,,,,
12/8/2020,neutral,neutral,positive,Anticipation,1.33623E+18
,,,,,
12/9/2020,positive,neutral,positive,Positive,1.33666E+18
,,,,,
12/10/2020,negative,neutral,positive,Positive,1.337E+18
,,,,,
12/10/2020,neutral,neutral,fear,Fear,1.337E+18
,,,,,
12/10/2020,neutral,neutral,positive,Positive,1.337E+18
,,,,,
12/10/2020,positive,neutral,trust,Trust,1.33698E+18
,,,,,
12/10/2020,neutral,negative,fear,Fear,1.33695E+18
,,,,,
12/10/2020,positive,positive,positive,Positive,1.33689E+18
,,,,,
12/11/2020,negative,neutral,positive,Positive,1.33742E+18
,,,,,
12/11/2020,neutral,negative,positive,Neutral,1.3373E+18
,,,,,
12/12/2020,positive,neutral,positive,Positive,1.33774E+18
,,,,,
12/12/2020,negative,neutral,positive,Anger,1.33763E+18
,,,,,
12/16/2020,neutral,negative,positive,Anticipation,1.33914E+18
,,,,,
12/16/2020,neutral,negative,positive,Positive,1.33912E+18
,,,,,
12/17/2020,neutral,neutral,trust,Positive,1.33963E+18
,,,,,
12/17/2020,neutral,negative,fear,Positive,1.3396E+18
,,,,,
12/18/2020,positive,negative,trust,Trust,1.34003E+18
,,,,,
12/19/2020,positive,negative,fear,Positive,1.34027E+18
,,,,,
12/19/2020,positive,positive,positive,Trust,1.34027E+18
,,,,,
12/21/2020,positive,negative,positive,Positive,1.34098E+18
,,,,,
12/22/2020,neutral,neutral,positive,Fear,1.34142E+18
,,,,,
12/22/2020,positive,neutral,fear,Positive,1.3414E+18
,,,,,
12/22/2020,positive,neutral,positive,Positive,1.34137E+18
,,,,,
12/23/2020,positive,positive,trust,Trust,1.3418E+18
,,,,,
12/23/2020,neutral,neutral,fear,Positive,1.3418E+18
,,,,,
12/23/2020,neutral,negative,fear,Positive,1.34163E+18
,,,,,
12/23/2020,neutral,negative,positive,Positive,1.34162E+18
,,,,,
12/25/2020,positive,positive,positive,Positive,1.34253E+18
,,,,,
12/27/2020,positive,positive,positive,Positive,1.3433E+18
,,,,,
12/27/2020,neutral,neutral,positive,Positive,1.34322E+18
,,,,,
12/27/2020,positive,neutral,negative,Positive,1.34321E+18
,,,,,
12/27/2020,neutral,neutral,positive,Positive,1.3432E+18
,,,,,
12/27/2020,neutral,negative,fear,Positive,1.34316E+18
,,,,,
12/28/2020,positive,negative,positive,Positive,1.34349E+18
,,,,,
12/28/2020,positive,neutral,positive,Positive,1.34344E+18
,,,,,
12/29/2020,neutral,neutral,positive,Positive,1.34395E+18
,,,,,
12/29/2020,neutral,negative,fear,Positive,1.34384E+18
,,,,,
12/30/2020,positive,negative,positive,Positive,1.34439E+18
,,,,,
12/30/2020,positive,negative,positive,Positive,1.34439E+18
,,,,,
12/30/2020,positive,negative,fear,Fear,1.34425E+18
,,,,,
12/30/2020,neutral,negative,positive,Neutral,1.34424E+18
,,,,,
12/30/2020,positive,neutral,positive,Trust,1.34423E+18
,,,,,
12/31/2020,neutral,negative,positive,Trust,1.34463E+18
,,,,,
1/1/2021,positive,negative,anticipation,Anticipation,1.3449E+18
,,,,,
1/2/2021,neutral,negative,positive,Anticipation,1.34544E+18
,,,,,
1/2/2021,positive,positive,positive,Positive,1.34543E+18
,,,,,
1/2/2021,positive,positive,fear,Trust,1.34534E+18
,,,,,
1/2/2021,positive,neutral,trust,Trust,1.34534E+18
,,,,,
1/3/2021,positive,positive,fear,Trust,1.34583E+18
,,,,,
1/3/2021,neutral,negative,positive,Positive,1.34582E+18
,,,,,
1/3/2021,neutral,neutral,positive,Positive,1.34572E+18
,,,,,
1/4/2021,positive,positive,positive,Positive,1.34615E+18
,,,,,
1/4/2021,positive,neutral,positive,Positive,1.34613E+18
,,,,,
1/4/2021,positive,neutral,positive,Positive,1.34613E+18
,,,,,
1/4/2021,neutral,negative,fear,Positive,1.34613E+18
,,,,,
1/4/2021,positive,positive,positive,Positive,1.34613E+18
,,,,,
1/4/2021,positive,neutral,positive,Trust,1.34592E+18
,,,,,
1/5/2021,positive,neutral,positive,Positive,NaN
,,,,,
1/5/2021,neutral,positive,positive,Trust,1.34659E+18
,,,,,
1/5/2021,negative,negative,positive,Positive,1.34649E+18
,,,,,
1/5/2021,neutral,negative,positive,Anticipation,1.34643E+18
,,,,,
1/5/2021,neutral,neutral,positive,Neutral,1.34629E+18
,,,,,
1/7/2021,positive,negative,fear,Fear,1.34731E+18
,,,,,
1/7/2021,neutral,negative,positive,Positive,1.3471E+18
,,,,,
1/7/2021,positive,positive,positive,Positive,1.34704E+18
,,,,,
1/8/2021,neutral,negative,positive,Positive,1.34762E+18
,,,,,
1/8/2021,positive,neutral,positive,Positive,1.34757E+18
,,,,,
1/8/2021,neutral,negative,positive,Positive,1.34752E+18
,,,,,
1/8/2021,positive,positive,positive,Positive,1.34742E+18
,,,,,
1/9/2021,positive,neutral,fear,Neutral,1.34794E+18
,,,,,
1/10/2021,neutral,positive,fear,Trust,1.34827E+18
,,,,,
1/10/2021,positive,positive,positive,Positive,1.34819E+18
,,,,,
1/11/2021,negative,negative,positive,Positive,1.34872E+18
,,,,,
1/11/2021,positive,negative,trust,Trust,1.34872E+18
,,,,,
1/11/2021,neutral,negative,fear,Positive,1.34868E+18
,,,,,
1/12/2021,neutral,negative,fear,Positive,1.34896E+18
,,,,,
1/12/2021,positive,neutral,negative,Neutral,1.34896E+18
,,,,,
1/12/2021,neutral,negative,fear,Positive,1.34895E+18
,,,,,
1/12/2021,positive,neutral,anticipation,Anticipation,1.34889E+18
,,,,,
1/13/2021,neutral,negative,fear,Fear,1.34935E+18
,,,,,
1/13/2021,neutral,neutral,fear,Trust,1.34925E+18
,,,,,
1/14/2021,neutral,negative,positive,Anger,1.34967E+18
,,,,,
1/14/2021,neutral,negative,fear,Positive,1.34962E+18
,,,,,
1/16/2021,neutral,negative,fear,Fear,1.35054E+18
,,,,,
1/16/2021,neutral,negative,fear,Trust,1.3505E+18
,,,,,
1/16/2021,neutral,neutral,positive,Positive,1.35042E+18
,,,,,
1/16/2021,positive,neutral,positive,Positive,1.3504E+18
,,,,,
1/17/2021,positive,positive,fear,Trust,1.35082E+18
,,,,,
1/17/2021,positive,positive,positive,Positive,1.35077E+18
,,,,,
1/17/2021,positive,neutral,positive,Positive,1.35074E+18
,,,,,
1/17/2021,neutral,negative,fear,Positive,1.35073E+18
,,,,,
1/17/2021,positive,neutral,anticipation,Anticipation,1.35072E+18
,,,,,
1/17/2021,neutral,neutral,positive,Positive,1.35067E+18
,,,,,
1/18/2021,neutral,negative,positive,Negative,1.35126E+18
,,,,,
1/18/2021,positive,neutral,positive,Positive,1.35115E+18
,,,,,
1/18/2021,positive,neutral,fear,Fear,1.35113E+18
,,,,,
1/18/2021,neutral,neutral,negative,Positive,1.3511E+18
,,,,,
1/18/2021,positive,neutral,anticipation,Anticipation,1.35108E+18
,,,,,
1/18/2021,negative,negative,positive,Negative,1.35106E+18
,,,,,
1/18/2021,neutral,negative,positive,Neutral,1.35101E+18
,,,,,
1/19/2021,neutral,neutral,positive,Anticipation,1.35156E+18
,,,,,
1/19/2021,neutral,negative,positive,Positive,1.35153E+18
,,,,,
1/19/2021,neutral,negative,fear,Fear,1.35152E+18
,,,,,
1/19/2021,positive,neutral,positive,Positive,1.35149E+18
,,,,,
1/19/2021,negative,neutral,fear,Fear,1.35142E+18
,,,,,
1/19/2021,positive,neutral,positive,Positive,1.35139E+18
,,,,,
1/19/2021,positive,neutral,fear,Fear,1.35135E+18
,,,,,
1/19/2021,positive,neutral,fear,Fear,1.35135E+18
,,,,,
1/20/2021,neutral,negative,positive,Negative,1.35186E+18
,,,,,
1/20/2021,negative,negative,positive,Positive,1.35185E+18
,,,,,
1/20/2021,positive,positive,negative,Positive,1.35185E+18
,,,,,
1/20/2021,positive,neutral,positive,Positive,1.35184E+18
,,,,,
1/21/2021,neutral,negative,fear,Positive,NaN
,,,,,
1/21/2021,neutral,negative,positive,Positive,1.35232E+18
,,,,,
1/21/2021,neutral,negative,positive,Neutral,1.35223E+18
,,,,,
1/21/2021,positive,neutral,positive,Positive,1.35223E+18
,,,,,
1/21/2021,neutral,neutral,positive,Neutral,1.35221E+18
,,,,,
1/21/2021,positive,positive,positive,Positive,1.3522E+18
,,,,,
1/21/2021,neutral,neutral,positive,Anger,1.35213E+18
,,,,,
1/21/2021,neutral,neutral,positive,Anger,1.35213E+18
,,,,,
1/22/2021,positive,positive,positive,Trust,1.35261E+18
,,,,,
1/22/2021,neutral,negative,positive,Fear,1.35247E+18
,,,,,
1/23/2021,positive,positive,positive,Positive,1.35299E+18
,,,,,
1/23/2021,neutral,negative,positive,Positive,1.35299E+18
,,,,,
1/23/2021,neutral,negative,fear,Neutral,1.3529E+18
,,,,,
1/24/2021,positive,neutral,positive,Positive,1.35332E+18
,,,,,
1/24/2021,neutral,neutral,positive,Trust,1.35331E+18
,,,,,
1/25/2021,neutral,neutral,positive,Positive,1.35357E+18
,,,,,
1/26/2021,negative,negative,trust,Negative,1.35412E+18
,,,,,
1/26/2021,positive,neutral,positive,Positive,1.35397E+18
,,,,,
1/26/2021,positive,positive,fear,Trust,1.35393E+18
,,,,,
1/27/2021,neutral,neutral,fear,Trust,1.35449E+18
,,,,,
1/27/2021,positive,neutral,trust,Trust,1.35445E+18
,,,,,
1/27/2021,neutral,negative,fear,Positive,1.35437E+18
,,,,,
1/27/2021,neutral,negative,fear,Positive,1.35437E+18
,,,,,
1/28/2021,positive,negative,positive,Positive,1.35489E+18
,,,,,
1/28/2021,neutral,negative,trust,Trust,1.35473E+18
,,,,,
1/28/2021,neutral,negative,positive,Trust,1.35463E+18
,,,,,
1/29/2021,positive,positive,positive,Positive,1.35507E+18
,,,,,
1/30/2021,neutral,negative,fear,Positive,1.35557E+18
,,,,,
1/30/2021,positive,positive,positive,Positive,1.35555E+18
,,,,,
1/30/2021,negative,neutral,positive,Anger,1.35553E+18
,,,,,
1/30/2021,neutral,neutral,fear,Positive,1.35546E+18
,,,,,
1/30/2021,neutral,neutral,positive,Trust,1.35543E+18
,,,,,
1/30/2021,neutral,neutral,positive,Trust,1.35543E+18
,,,,,
1/31/2021,neutral,neutral,trust,Negative,1.35599E+18
,,,,,
1/31/2021,positive,negative,fear,Positive,1.35592E+18
,,,,,
1/31/2021,positive,positive,trust,Trust,1.35588E+18
,,,,,
1/31/2021,negative,neutral,positive,Trust,1.35576E+18
,,,,,
1/31/2021,neutral,negative,fear,Positive,1.35575E+18
,,,,,
2/1/2021,positive,neutral,positive,Positive,1.35637E+18
,,,,,
2/1/2021,neutral,negative,fear,Fear,1.35632E+18
,,,,,
2/1/2021,neutral,positive,positive,Trust,1.35618E+18
,,,,,
2/1/2021,negative,negative,positive,Neutral,1.35611E+18
,,,,,
2/2/2021,negative,neutral,positive,Anger,1.35664E+18
,,,,,
2/2/2021,neutral,negative,positive,Positive,1.35663E+18
,,,,,
2/2/2021,positive,positive,positive,Positive,1.35654E+18
,,,,,
2/3/2021,neutral,neutral,positive,Neutral,1.357E+18
,,,,,
2/3/2021,positive,positive,positive,Trust,1.357E+18
,,,,,
2/3/2021,positive,positive,positive,Positive,1.35699E+18
,,,,,
2/5/2021,neutral,negative,positive,Positive,1.35759E+18
,,,,,
2/5/2021,neutral,negative,fear,Positive,1.35755E+18
,,,,,
2/6/2021,positive,positive,positive,Trust,NaN
,,,,,
2/7/2021,positive,neutral,positive,Positive,1.3584E+18
,,,,,
2/7/2021,neutral,negative,positive,Trust,1.3583E+18
,,,,,
2/8/2021,neutral,neutral,positive,Positive,1.35889E+18
,,,,,
2/8/2021,neutral,negative,trust,Positive,1.35881E+18
,,,,,
2/8/2021,neutral,negative,trust,Trust,1.35877E+18
,,,,,
2/8/2021,positive,neutral,positive,Positive,1.35875E+18
,,,,,
2/8/2021,neutral,negative,fear,Positive,1.3587E+18
,,,,,
2/8/2021,neutral,negative,positive,Anger,1.3587E+18
,,,,,
2/8/2021,positive,negative,fear,Negative,1.3587E+18
,,,,,
2/8/2021,negative,neutral,fear,Trust,1.35867E+18
,,,,,
2/10/2021,neutral,negative,positive,Anger,1.3596E+18
,,,,,
2/10/2021,positive,neutral,positive,Positive,1.3594E+18
,,,,,
2/10/2021,neutral,negative,positive,Trust,1.35935E+18
,,,,,
2/11/2021,positive,negative,fear,Positive,1.35989E+18
,,,,,
2/11/2021,neutral,neutral,positive,Trust,1.3598E+18
,,,,,
2/12/2021,positive,positive,positive,Positive,1.36032E+18
,,,,,
2/12/2021,neutral,negative,positive,Trust,1.36007E+18
,,,,,
2/13/2021,neutral,negative,trust,Trust,1.36067E+18
,,,,,
2/14/2021,neutral,neutral,fear,Trust,1.36095E+18
,,,,,
2/14/2021,positive,negative,trust,Anger,1.36091E+18
,,,,,
2/15/2021,neutral,positive,positive,Anger,1.36133E+18
,,,,,
2/15/2021,neutral,negative,positive,Positive,1.36131E+18
,,,,,
2/15/2021,positive,neutral,fear,Positive,1.36123E+18
,,,,,
2/16/2021,negative,negative,anger,Anger,1.3616E+18
,,,,,
2/18/2021,neutral,negative,trust,Trust,1.36237E+18
,,,,,
2/20/2021,positive,positive,fear,Anticipation,1.36309E+18
,,,,,
2/21/2021,positive,positive,fear,Trust,1.36356E+18
,,,,,
2/21/2021,neutral,positive,positive,Positive,1.36339E+18
,,,,,
2/21/2021,neutral,negative,fear,Anticipation,1.36334E+18
,,,,,
2/22/2021,positive,positive,positive,Positive,1.36378E+18
,,,,,
2/23/2021,neutral,neutral,trust,Trust,1.36428E+18
,,,,,
2/23/2021,positive,positive,positive,Positive,1.36406E+18
,,,,,
2/24/2021,neutral,neutral,positive,Positive,1.36453E+18
,,,,,
2/25/2021,neutral,negative,positive,Positive,1.36497E+18
,,,,,
2/25/2021,neutral,neutral,positive,Positive,1.36485E+18
,,,,,
2/25/2021,positive,neutral,negative,Positive,1.36479E+18
,,,,,
2/26/2021,positive,neutral,positive,Positive,1.36522E+18
,,,,,
2/27/2021,positive,neutral,fear,Neutral,1.3656E+18
,,,,,
2/28/2021,positive,positive,positive,Positive,1.36605E+18
,,,,,
3/1/2021,neutral,neutral,positive,Positive,1.36638E+18
,,,,,
3/2/2021,positive,neutral,fear,Positive,1.36672E+18
,,,,,
3/2/2021,positive,negative,fear,Negative,1.36665E+18
,,,,,
3/2/2021,neutral,negative,positive,Positive,1.36661E+18
,,,,,
3/3/2021,positive,negative,trust,Trust,1.36701E+18
,,,,,
3/4/2021,positive,neutral,positive,Positive,1.36748E+18
,,,,,
3/5/2021,neutral,negative,positive,Positive,1.36797E+18
,,,,,
3/5/2021,positive,positive,trust,Trust,1.36784E+18
,,,,,
3/7/2021,neutral,negative,positive,Anger,1.36846E+18
,,,,,
3/7/2021,neutral,negative,positive,Trust,1.36841E+18
,,,,,
3/9/2021,positive,positive,positive,Trust,1.36933E+18
,,,,,
3/9/2021,positive,neutral,positive,Positive,1.36932E+18
,,,,,
3/10/2021,neutral,negative,fear,Positive,1.36956E+18
,,,,,
3/10/2021,neutral,negative,fear,Positive,1.36953E+18
,,,,,
3/11/2021,positive,positive,surprise,Surprise,1.37001E+18
,,,,,
3/11/2021,positive,neutral,positive,Positive,1.36996E+18
,,,,,
3/12/2021,neutral,negative,trust,Trust,1.37016E+18
,,,,,
3/13/2021,neutral,negative,positive,Positive,1.37064E+18
,,,,,
3/14/2021,neutral,negative,positive,Positive,1.37106E+18
,,,,,
3/14/2021,neutral,neutral,positive,Positive,1.37104E+18
,,,,,
3/15/2021,positive,neutral,fear,Trust,1.37137E+18
,,,,,
3/15/2021,positive,positive,fear,Positive,1.37134E+18
,,,,,
3/16/2021,neutral,negative,trust,Neutral,1.37169E+18
,,,,,
3/17/2021,neutral,negative,fear,Fear,1.37224E+18
,,,,,
3/20/2021,positive,neutral,positive,Positive,1.3734E+18
,,,,,
3/21/2021,neutral,negative,fear,Positive,1.37373E+18
,,,,,
3/21/2021,positive,neutral,surprise,Surprise,1.37355E+18
,,,,,
3/21/2021,neutral,negative,fear,Positive,1.37349E+18
,,,,,
3/22/2021,positive,negative,negative,Positive,1.37406E+18
,,,,,
3/22/2021,positive,negative,negative,Positive,1.37406E+18
,,,,,
3/22/2021,neutral,neutral,fear,Anger,1.37403E+18
,,,,,
3/22/2021,neutral,negative,fear,Fear,1.37386E+18
,,,,,
3/24/2021,neutral,neutral,positive,Positive,1.37472E+18
,,,,,
3/24/2021,neutral,negative,positive,Positive,1.37467E+18
,,,,,
3/24/2021,neutral,negative,fear,Positive,1.37463E+18
,,,,,
3/25/2021,neutral,negative,fear,Fear,1.37513E+18
,,,,,
3/26/2021,negative,negative,fear,Fear,1.37545E+18
,,,,,
3/26/2021,neutral,neutral,positive,Positive,1.37544E+18
,,,,,
3/26/2021,neutral,neutral,positive,Positive,1.37537E+18
,,,,,
3/26/2021,neutral,negative,positive,Trust,1.37535E+18
,,,,,
3/26/2021,neutral,negative,fear,Positive,1.37529E+18
,,,,,
3/28/2021,neutral,neutral,fear,Trust,1.37621E+18
,,,,,
3/29/2021,neutral,negative,fear,Positive,1.37662E+18
,,,,,
3/29/2021,positive,neutral,positive,Positive,1.37656E+18
,,,,,
3/29/2021,positive,negative,anticipation,Anticipation,1.37649E+18
,,,,,
3/30/2021,positive,positive,positive,Positive,1.37701E+18
,,,,,
3/30/2021,positive,negative,positive,Positive,1.37688E+18
,,,,,
3/31/2021,positive,positive,trust,Trust,1.37723E+18
,,,,,
4/2/2021,neutral,negative,fear,Negative,1.37787E+18
,,,,,
4/5/2021,neutral,negative,fear,Positive,1.37915E+18
,,,,,
4/5/2021,neutral,negative,positive,Positive,1.3791E+18
,,,,,
4/5/2021,neutral,negative,fear,Positive,1.37898E+18
,,,,,
4/7/2021,neutral,neutral,positive,Neutral,1.37976E+18
,,,,,
4/8/2021,neutral,negative,surprise,Trust,1.38021E+18
,,,,,
4/8/2021,negative,negative,negative,Negative,1.38021E+18
,,,,,
4/9/2021,positive,neutral,fear,Positive,1.38062E+18
,,,,,
4/9/2021,neutral,negative,positive,Trust,1.38053E+18
,,,,,
4/13/2021,positive,negative,fear,Positive,1.38196E+18
,,,,,
4/14/2021,neutral,neutral,positive,Positive,1.3822E+18
,,,,,
4/15/2021,neutral,neutral,anticipation,Anticipation,1.38277E+18
,,,,,
4/15/2021,positive,positive,negative,Negative,1.38264E+18
,,,,,
4/15/2021,neutral,negative,trust,Positive,1.38258E+18
,,,,,
4/19/2021,positive,neutral,positive,Positive,1.38415E+18
,,,,,
4/21/2021,positive,neutral,positive,Positive,1.38492E+18
,,,,,
4/21/2021,neutral,neutral,positive,Positive,1.38473E+18
,,,,,
4/22/2021,neutral,neutral,fear,Fear,1.38518E+18
,,,,,
4/22/2021,neutral,negative,fear,Positive,1.38517E+18
,,,,,
4/22/2021,neutral,negative,fear,Positive,1.38512E+18
,,,,,
4/23/2021,neutral,negative,positive,Negative,1.38548E+18
,,,,,
4/24/2021,neutral,negative,fear,Anticipation,1.38596E+18
,,,,,
4/25/2021,neutral,negative,positive,Positive,1.3862E+18
,,,,,
4/26/2021,neutral,neutral,fear,Positive,1.38658E+18
,,,,,
4/27/2021,neutral,neutral,fear,Positive,1.38709E+18
,,,,,
4/27/2021,positive,negative,fear,Trust,1.38709E+18
,,,,,
4/27/2021,neutral,negative,positive,Positive,1.38696E+18
,,,,,
4/27/2021,neutral,negative,fear,Positive,1.38689E+18
,,,,,
4/27/2021,neutral,negative,fear,Positive,1.38684E+18
,,,,,
4/28/2021,neutral,negative,fear,Positive,1.38744E+18
,,,,,
4/28/2021,positive,positive,trust,Positive,1.38734E+18
,,,,,
4/28/2021,negative,neutral,fear,Fear,1.38731E+18
,,,,,
4/29/2021,neutral,negative,fear,Neutral,1.38764E+18
,,,,,
4/29/2021,neutral,negative,positive,Positive,1.38763E+18
,,,,,
4/29/2021,neutral,negative,fear,Positive,1.38762E+18
,,,,,
4/30/2021,positive,positive,trust,Positive,1.38819E+18
,,,,,
5/1/2021,neutral,negative,fear,Neutral,1.38854E+18
,,,,,
5/1/2021,positive,neutral,fear,Anger,1.38842E+18
,,,,,
5/2/2021,positive,neutral,trust,Trust,1.38891E+18
,,,,,
5/2/2021,positive,neutral,trust,Trust,1.3889E+18
,,,,,
5/2/2021,neutral,negative,positive,Neutral,1.38867E+18
,,,,,
5/3/2021,neutral,negative,fear,Positive,1.38922E+18
,,,,,
5/3/2021,neutral,negative,positive,Positive,1.38919E+18
,,,,,
5/4/2021,neutral,negative,fear,Positive,1.38943E+18
,,,,,
5/5/2021,neutral,negative,positive,Positive,1.39003E+18
,,,,,
5/5/2021,neutral,negative,fear,Positive,1.38985E+18
,,,,,
5/6/2021,positive,neutral,trust,Trust,1.39026E+18
,,,,,
5/6/2021,positive,neutral,anger,Positive,1.39011E+18
,,,,,
5/7/2021,neutral,negative,positive,Positive,1.39073E+18
,,,,,
5/7/2021,neutral,neutral,positive,Positive,1.3907E+18
,,,,,
5/7/2021,neutral,neutral,positive,Positive,1.39069E+18
,,,,,
5/10/2021,positive,negative,positive,Positive,1.39178E+18
,,,,,
5/10/2021,positive,positive,positive,Positive,1.39166E+18
,,,,,
5/10/2021,positive,positive,positive,Positive,1.39163E+18
,,,,,
5/11/2021,neutral,negative,positive,Positive,1.39206E+18
,,,,,
5/11/2021,positive,positive,positive,Positive,1.39202E+18
,,,,,
5/12/2021,positive,neutral,positive,Positive,1.39246E+18
,,,,,
5/13/2021,neutral,negative,positive,Anticipation,1.39283E+18
,,,,,
5/14/2021,neutral,neutral,negative,Negative,1.39318E+18
,,,,,
5/15/2021,positive,negative,positive,Negative,1.39366E+18
,,,,,
5/16/2021,positive,positive,anticipation,Anticipation,1.39389E+18
,,,,,
5/16/2021,positive,negative,fear,Positive,1.39384E+18
,,,,,
5/17/2021,positive,neutral,positive,Positive,1.39436E+18
,,,,,
5/17/2021,positive,neutral,fear,Trust,1.39421E+18
,,,,,
5/18/2021,neutral,negative,positive,Positive,1.39472E+18
,,,,,
5/18/2021,neutral,negative,positive,Neutral,1.39469E+18
,,,,,
5/18/2021,positive,positive,fear,Trust,1.39461E+18
,,,,,
5/18/2021,positive,neutral,positive,Positive,1.39459E+18
,,,,,
5/20/2021,negative,negative,positive,Negative,NaN
,,,,,
5/21/2021,negative,positive,positive,Negative,1.39556E+18
,,,,,
5/22/2021,positive,positive,positive,Positive,NaN
,,,,,
5/22/2021,positive,neutral,positive,Positive,1.39611E+18
,,,,,
5/24/2021,neutral,neutral,trust,Neutral,1.3969E+18
,,,,,
5/24/2021,positive,neutral,positive,Positive,1.39686E+18
,,,,,
5/26/2021,positive,negative,fear,Neutral,1.39743E+18
,,,,,
5/27/2021,negative,negative,trust,Trust,1.39798E+18
,,,,,
5/27/2021,positive,neutral,fear,Anticipation,1.39796E+18
,,,,,
5/27/2021,positive,positive,trust,Trust,1.39792E+18
,,,,,
5/27/2021,neutral,negative,positive,Positive,1.3979E+18
,,,,,
5/27/2021,neutral,positive,positive,Positive,1.39783E+18
,,,,,
5/28/2021,positive,neutral,positive,Positive,1.39831E+18
,,,,,
5/29/2021,positive,neutral,positive,Positive,1.39856E+18
,,,,,
5/31/2021,neutral,neutral,positive,Positive,1.39947E+18
,,,,,
5/31/2021,positive,positive,positive,Positive,1.3993E+18
,,,,,
5/31/2021,neutral,negative,fear,Neutral,1.39924E+18
,,,,,
6/1/2021,positive,negative,positive,Positive,1.39959E+18
,,,,,
6/2/2021,negative,negative,anticipation,Anticipation,1.39995E+18
,,,,,
6/5/2021,neutral,neutral,fear,Positive,1.40123E+18
,,,,,
6/5/2021,neutral,negative,positive,Positive,1.40121E+18
,,,,,
6/5/2021,neutral,negative,fear,Neutral,1.40102E+18
,,,,,
6/6/2021,positive,neutral,positive,Positive,1.40159E+18
,,,,,
6/6/2021,positive,negative,trust,Trust,1.40146E+18
,,,,,
6/7/2021,positive,negative,positive,Positive,1.40198E+18
,,,,,
6/8/2021,neutral,neutral,trust,Positive,1.4023E+18
,,,,,
6/9/2021,neutral,neutral,negative,Positive,1.40261E+18
,,,,,
6/9/2021,neutral,neutral,fear,Positive,1.40255E+18
,,,,,
6/9/2021,positive,negative,positive,Positive,1.40253E+18
,,,,,
6/10/2021,positive,positive,positive,Positive,1.4031E+18
,,,,,
6/10/2021,positive,negative,negative,Positive,1.4028E+18
,,,,,
6/11/2021,positive,negative,negative,Positive,1.40343E+18
,,,,,
6/11/2021,positive,neutral,positive,Positive,1.40336E+18
,,,,,
6/13/2021,positive,neutral,positive,Positive,1.40408E+18
,,,,,
6/13/2021,positive,negative,fear,Positive,1.40404E+18
,,,,,
6/15/2021,neutral,negative,fear,Fear,1.40477E+18
,,,,,
6/16/2021,neutral,negative,fear,Positive,1.405E+18
,,,,,
6/17/2021,neutral,negative,fear,Positive,1.40563E+18
,,,,,
6/17/2021,neutral,negative,trust,Anger,1.40539E+18
,,,,,
6/18/2021,neutral,negative,fear,Positive,1.40597E+18
,,,,,
6/18/2021,neutral,negative,fear,Fear,1.40593E+18
,,,,,
6/22/2021,neutral,negative,fear,Trust,1.40733E+18
,,,,,
6/22/2021,positive,positive,positive,Positive,1.40727E+18
,,,,,
6/24/2021,neutral,neutral,fear,Trust,1.4081E+18
,,,,,
6/24/2021,negative,neutral,trust,Trust,1.40802E+18
,,,,,
6/24/2021,positive,neutral,fear,Fear,1.40797E+18
,,,,,
6/28/2021,neutral,negative,trust,Fear,1.40934E+18
,,,,,
6/29/2021,neutral,positive,positive,Positive,1.4099E+18
,,,,,
6/29/2021,negative,negative,trust,Negative,1.4098E+18
,,,,,
6/30/2021,neutral,neutral,positive,Anticipation,1.4102E+18
,,,,,
7/1/2021,negative,negative,fear,Fear,1.41067E+18
,,,,,
7/1/2021,neutral,positive,positive,Trust,1.41056E+18
,,,,,
7/1/2021,positive,negative,negative,Positive,1.41056E+18
,,,,,
7/2/2021,neutral,negative,fear,Positive,1.41109E+18
,,,,,
7/2/2021,neutral,neutral,trust,Trust,1.41091E+18
,,,,,
7/4/2021,neutral,neutral,fear,Fear,1.41163E+18
,,,,,
7/5/2021,positive,negative,positive,Positive,1.41206E+18
,,,,,
7/5/2021,positive,positive,positive,Positive,1.41203E+18
,,,,,
7/6/2021,neutral,negative,positive,Positive,1.41239E+18
,,,,,
7/6/2021,neutral,negative,fear,Anticipation,1.41232E+18
,,,,,
7/9/2021,neutral,negative,positive,Positive,1.41359E+18
,,,,,
7/12/2021,positive,neutral,positive,Positive,1.41452E+18
,,,,,
7/12/2021,negative,neutral,positive,Neutral,1.41444E+18
,,,,,
7/12/2021,positive,negative,positive,Positive,1.41444E+18
,,,,,
7/12/2021,neutral,negative,positive,Fear,1.41438E+18
,,,,,
7/12/2021,negative,neutral,anger,Anger,1.41438E+18
,,,,,
7/13/2021,positive,negative,negative,Negative,1.41499E+18
,,,,,
7/13/2021,positive,neutral,positive,Positive,1.41485E+18
,,,,,
7/13/2021,neutral,neutral,fear,Neutral,1.41485E+18
,,,,,
7/15/2021,neutral,positive,trust,Trust,1.41556E+18
,,,,,
7/15/2021,neutral,neutral,positive,Positive,1.41555E+18
,,,,,
7/18/2021,neutral,negative,positive,Positive,1.41682E+18
,,,,,
7/19/2021,neutral,neutral,sadness,Anger,1.41692E+18
,,,,,
7/20/2021,negative,negative,positive,Positive,1.41755E+18
,,,,,
7/22/2021,positive,neutral,positive,Positive,1.41818E+18
,,,,,
7/24/2021,neutral,negative,fear,Positive,1.41891E+18
,,,,,
7/26/2021,positive,negative,fear,Positive,1.41979E+18
,,,,,
7/26/2021,positive,positive,positive,Positive,1.41969E+18
,,,,,
7/26/2021,neutral,neutral,fear,Fear,1.4195E+18
,,,,,
8/1/2021,neutral,negative,fear,Positive,1.4217E+18
,,,,,
8/1/2021,positive,negative,sadness,Sadness,1.42168E+18
,,,,,
8/4/2021,neutral,neutral,positive,Positive,1.42304E+18
,,,,,
8/4/2021,neutral,negative,fear,Positive,1.42304E+18
,,,,,
8/4/2021,neutral,negative,positive,Neutral,1.42279E+18
,,,,,
8/5/2021,positive,negative,fear,Positive,1.42331E+18
,,,,,
8/8/2021,positive,positive,positive,Positive,1.42439E+18
,,,,,
8/9/2021,positive,neutral,fear,Positive,1.42457E+18
,,,,,
8/9/2021,positive,neutral,positive,Positive,1.42454E+18
,,,,,
8/10/2021,positive,neutral,trust,Trust,1.42519E+18
,,,,,
8/10/2021,neutral,neutral,trust,Neutral,1.42506E+18
,,,,,
8/12/2021,neutral,negative,positive,Positive,1.42579E+18
,,,,,
8/13/2021,positive,neutral,fear,Positive,1.42619E+18
,,,,,
8/14/2021,negative,negative,positive,Positive,1.4265E+18
,,,,,
8/15/2021,positive,neutral,positive,Positive,1.42703E+18
,,,,,
8/15/2021,neutral,negative,positive,Positive,1.42681E+18
,,,,,
8/15/2021,neutral,negative,anticipation,Negative,1.42679E+18
,,,,,
8/17/2021,neutral,negative,positive,Positive,1.42769E+18
,,,,,
8/17/2021,neutral,negative,positive,Positive,1.42761E+18
,,,,,
8/17/2021,neutral,negative,fear,Positive,1.42755E+18
,,,,,
8/17/2021,negative,positive,positive,Positive,1.42753E+18
,,,,,
8/17/2021,negative,neutral,trust,Trust,1.42753E+18
,,,,,
8/17/2021,negative,neutral,fear,Positive,1.42749E+18
,,,,,
8/18/2021,neutral,negative,fear,Anticipation,1.42807E+18
,,,,,
8/19/2021,neutral,negative,positive,Anticipation,1.42836E+18
,,,,,
8/19/2021,neutral,neutral,fear,Positive,1.42825E+18
,,,,,
8/19/2021,neutral,negative,fear,Anticipation,1.42821E+18
,,,,,
8/20/2021,neutral,negative,positive,Trust,1.42871E+18
,,,,,
8/20/2021,positive,neutral,positive,Positive,1.42854E+18
,,,,,
8/21/2021,neutral,negative,positive,Anger,1.42912E+18
,,,,,
8/21/2021,neutral,negative,fear,Anger,1.42912E+18
,,,,,
8/21/2021,positive,negative,trust,Neutral,1.42899E+18
,,,,,
8/22/2021,neutral,negative,fear,Neutral,1.42944E+18
,,,,,
8/22/2021,neutral,neutral,trust,Neutral,1.42941E+18
,,,,,
8/22/2021,positive,neutral,positive,Positive,1.42933E+18
,,,,,
8/23/2021,positive,neutral,trust,Trust,NaN
,,,,,
8/23/2021,positive,neutral,positive,Surprise,1.42981E+18
,,,,,
8/23/2021,neutral,negative,positive,Positive,1.42979E+18
,,,,,
8/23/2021,positive,negative,trust,Neutral,1.42973E+18
,,,,,
8/23/2021,positive,neutral,trust,Trust,1.42968E+18
,,,,,
8/24/2021,positive,neutral,positive,Positive,1.43027E+18
,,,,,
8/24/2021,positive,negative,fear,Fear,1.43023E+18
,,,,,
8/24/2021,neutral,negative,fear,Anticipation,1.43015E+18
,,,,,
8/25/2021,neutral,negative,anger,Positive,1.43065E+18
,,,,,
8/25/2021,positive,neutral,trust,Trust,1.43065E+18
,,,,,
8/25/2021,neutral,negative,fear,Anticipation,1.43039E+18
,,,,,
8/26/2021,negative,negative,positive,Neutral,1.4309E+18
,,,,,
8/27/2021,neutral,negative,fear,Fear,1.43112E+18
,,,,,
8/27/2021,positive,negative,fear,Fear,1.43109E+18
,,,,,
8/28/2021,neutral,negative,anticipation,Anticipation,1.43168E+18
,,,,,
8/29/2021,positive,positive,positive,Positive,1.43207E+18
,,,,,
8/29/2021,positive,negative,fear,Positive,1.43199E+18
,,,,,
8/29/2021,neutral,neutral,positive,Positive,1.43193E+18
,,,,,
8/29/2021,neutral,neutral,positive,Positive,1.43193E+18
,,,,,
8/29/2021,positive,negative,positive,Positive,1.43193E+18
,,,,,
8/29/2021,neutral,negative,fear,Positive,1.43185E+18
,,,,,
8/31/2021,neutral,negative,fear,Trust,1.43261E+18
,,,,,
9/1/2021,neutral,neutral,positive,Trust,1.4331E+18
,,,,,
9/1/2021,neutral,positive,positive,Trust,1.43292E+18
,,,,,
9/2/2021,positive,negative,fear,Positive,1.4334E+18
,,,,,
9/2/2021,neutral,neutral,fear,Positive,1.43337E+18
,,,,,
9/4/2021,positive,neutral,fear,Fear,1.43409E+18
,,,,,
9/4/2021,positive,neutral,trust,Trust,1.43403E+18
,,,,,
9/4/2021,positive,neutral,trust,Trust,1.43403E+18
,,,,,
9/4/2021,negative,negative,fear,Fear,1.43402E+18
,,,,,
9/5/2021,neutral,neutral,fear,Positive,1.4345E+18
,,,,,
9/6/2021,neutral,negative,positive,Positive,1.43499E+18
,,,,,
9/6/2021,positive,neutral,positive,Positive,1.43489E+18
,,,,,
9/6/2021,positive,negative,negative,Neutral,1.43481E+18
,,,,,
9/7/2021,positive,negative,positive,Positive,1.43526E+18
,,,,,
9/7/2021,neutral,neutral,negative,Negative,1.43522E+18
,,,,,
9/9/2021,negative,negative,fear,Positive,1.43592E+18
,,,,,
9/10/2021,neutral,neutral,positive,Negative,1.43624E+18
,,,,,
9/14/2021,neutral,neutral,trust,Positive,1.43762E+18
,,,,,
9/15/2021,positive,neutral,positive,Positive,1.43814E+18
,,,,,
9/16/2021,positive,neutral,fear,Positive,1.43841E+18
,,,,,
9/17/2021,neutral,negative,fear,Positive,1.43895E+18
,,,,,
9/17/2021,neutral,negative,positive,Positive,1.43892E+18
,,,,,
9/17/2021,neutral,neutral,fear,Positive,1.43878E+18
,,,,,
9/17/2021,neutral,negative,anger,Anger,1.43876E+18
,,,,,
9/18/2021,neutral,negative,fear,Fear,1.43913E+18
,,,,,
9/19/2021,neutral,negative,fear,Positive,NaN
,,,,,
9/21/2021,neutral,negative,negative,Negative,1.44039E+18
,,,,,
9/21/2021,positive,neutral,trust,Trust,1.44037E+18
,,,,,
9/21/2021,neutral,negative,positive,Fear,1.44026E+18
,,,,,
9/22/2021,neutral,negative,fear,Positive,1.44074E+18
,,,,,
9/22/2021,positive,negative,fear,Fear,1.44063E+18
,,,,,
9/22/2021,neutral,neutral,fear,Positive,1.44054E+18
,,,,,
9/23/2021,neutral,negative,fear,Fear,1.44103E+18
,,,,,
9/23/2021,positive,positive,trust,Trust,1.44097E+18
,,,,,
9/23/2021,neutral,negative,positive,Anger,1.44091E+18
,,,,,
9/24/2021,negative,neutral,positive,Positive,1.44144E+18
,,,,,
9/25/2021,negative,negative,negative,Negative,1.44182E+18
,,,,,
9/28/2021,neutral,negative,anticipation,Anticipation,1.44283E+18
,,,,,
9/30/2021,neutral,negative,trust,Positive,1.44348E+18
,,,,,
10/2/2021,positive,positive,positive,Positive,1.44435E+18
,,,,,
10/5/2021,positive,positive,positive,Positive,1.44535E+18
,,,,,
10/10/2021,positive,neutral,trust,Trust,1.44727E+18
,,,,,
10/10/2021,neutral,negative,negative,Negative,1.44727E+18
,,,,,
10/11/2021,negative,negative,fear,Fear,1.44764E+18
,,,,,
10/11/2021,neutral,negative,positive,Sadness,1.44745E+18
,,,,,
10/14/2021,positive,neutral,positive,Anger,1.44857E+18
,,,,,
10/14/2021,neutral,negative,fear,Fear,1.44847E+18
,,,,,
10/14/2021,positive,negative,fear,Fear,1.44847E+18
,,,,,
10/17/2021,positive,negative,fear,Positive,1.44961E+18
,,,,,
10/18/2021,positive,neutral,positive,Anger,1.44994E+18
,,,,,
10/19/2021,neutral,neutral,positive,Positive,1.4505E+18
,,,,,
10/20/2021,neutral,negative,positive,Sadness,1.45089E+18
,,,,,
10/20/2021,neutral,neutral,fear,Fear,1.45089E+18
,,,,,
10/21/2021,neutral,negative,fear,Positive,1.45113E+18
,,,,,
10/21/2021,positive,neutral,positive,Anger,1.45108E+18
,,,,,
10/31/2021,negative,negative,negative,Negative,1.4547E+18
,,,,,
11/1/2021,neutral,negative,positive,Trust,1.45512E+18
,,,,,
11/1/2021,positive,neutral,positive,Anger,1.45508E+18
,,,,,
11/1/2021,positive,positive,fear,Positive,1.45505E+18
,,,,,
11/2/2021,negative,positive,positive,Anger,1.45561E+18
,,,,,
11/2/2021,positive,negative,positive,Positive,1.45546E+18
,,,,,
11/2/2021,positive,positive,positive,Positive,1.45543E+18
,,,,,
11/2/2021,positive,negative,fear,Positive,1.45539E+18
,,,,,
11/3/2021,neutral,negative,fear,Fear,1.45591E+18
,,,,,
11/3/2021,neutral,neutral,negative,Positive,1.45588E+18
,,,,,
11/3/2021,positive,negative,fear,Positive,1.45588E+18
,,,,,
11/3/2021,positive,neutral,positive,Positive,1.45582E+18
,,,,,
11/12/2021,neutral,negative,fear,Fear,1.45907E+18
,,,,,
11/13/2021,neutral,negative,fear,Fear,1.45945E+18
,,,,,
11/23/2021,negative,negative,positive,Negative,1.46316E+18
,,,,,
11/24/2021,negative,negative,positive,Positive,1.4634E+18
,,,,,
11/27/2021,neutral,negative,positive,Trust,1.46457E+18
,,,,,
11/27/2021,negative,negative,trust,Negative,1.46444E+18
,,,,,
11/28/2021,positive,negative,anticipation,Anticipation,1.46494E+18
,,,,,
11/29/2021,neutral,negative,fear,Positive,1.4654E+18
,,,,,
11/29/2021,neutral,negative,fear,Positive,1.46534E+18
,,,,,
11/30/2021,neutral,negative,fear,Positive,1.46565E+18
,,,,,
12/1/2021,negative,neutral,positive,Anger,1.46608E+18
,,,,,
12/2/2021,positive,negative,positive,Positive,1.46624E+18
,,,,,
12/5/2021,positive,positive,trust,Trust,1.46754E+18
,,,,,
12/13/2021,negative,negative,negative,Positive,1.47038E+18
,,,,,
12/13/2021,positive,neutral,fear,Trust,1.47026E+18
,,,,,
12/14/2021,positive,neutral,trust,Trust,1.47064E+18
,,,,,
12/16/2021,neutral,negative,fear,Positive,1.47144E+18
,,,,,
12/17/2021,positive,neutral,fear,Trust,1.47177E+18
,,,,,
12/17/2021,positive,positive,positive,Positive,1.47167E+18
,,,,,
12/20/2021,positive,negative,positive,Positive,1.47282E+18
,,,,,
12/23/2021,neutral,neutral,trust,Negative,1.47405E+18
,,,,,
12/25/2021,negative,negative,trust,Negative,1.47459E+18
,,,,,
12/25/2021,positive,neutral,trust,Trust,1.47459E+18
,,,,,
12/27/2021,positive,neutral,positive,Positive,1.47547E+18
,,,,,
12/28/2021,neutral,negative,positive,Positive,1.47588E+18
,,,,,
12/28/2021,neutral,negative,fear,Positive,1.47587E+18
,,,,,
12/28/2021,positive,neutral,fear,Positive,1.47582E+18
,,,,,
12/28/2021,neutral,neutral,positive,Neutral,1.47564E+18
,,,,,
12/29/2021,neutral,negative,fear,Positive,1.47606E+18
,,,,,
1/1/2022,positive,neutral,trust,Trust,1.47731E+18
,,,,,
1/1/2022,neutral,neutral,positive,Neutral,1.4773E+18
,,,,,
1/1/2022,neutral,neutral,positive,Positive,1.47723E+18
,,,,,
1/2/2022,positive,neutral,positive,Positive,1.4775E+18
,,,,,
1/3/2022,neutral,negative,positive,Neutral,1.47799E+18
,,,,,
1/5/2022,neutral,neutral,positive,Positive,1.4788E+18
,,,,,
1/5/2022,neutral,negative,fear,Fear,1.47873E+18
,,,,,
1/5/2022,neutral,negative,fear,Positive,1.47872E+18
,,,,,
1/5/2022,positive,neutral,negative,Trust,1.47865E+18
,,,,,
1/6/2022,positive,neutral,positive,Positive,1.47918E+18
,,,,,
1/6/2022,neutral,negative,fear,Positive,1.47894E+18
,,,,,
1/7/2022,neutral,negative,anticipation,Negative,1.47937E+18
,,,,,
1/8/2022,negative,negative,positive,Negative,1.4797E+18
,,,,,
1/9/2022,positive,positive,positive,Positive,1.48025E+18
,,,,,
1/9/2022,neutral,negative,negative,Negative,1.48015E+18
,,,,,
1/11/2022,negative,neutral,positive,Positive,1.48072E+18
,,,,,
1/12/2022,neutral,negative,positive,Trust,1.48135E+18
,,,,,
1/19/2022,negative,negative,positive,Negative,1.48384E+18
,,,,,
1/19/2022,neutral,negative,trust,Negative,1.48372E+18
,,,,,
1/23/2022,positive,negative,fear,Positive,1.48533E+18
,,,,,
1/26/2022,neutral,positive,anticipation,Anticipation,1.48635E+18
,,,,,
1/26/2022,negative,neutral,positive,Anger,1.48635E+18
,,,,,
1/28/2022,positive,negative,positive,Positive,1.48698E+18
,,,,,
1/29/2022,neutral,negative,fear,Positive,1.48754E+18
,,,,,
1/30/2022,neutral,negative,positive,Positive,1.48787E+18
,,,,,
2/1/2022,positive,negative,negative,Negative,1.48851E+18
,,,,,
2/2/2022,neutral,negative,fear,Positive,1.4889E+18
,,,,,
2/2/2022,positive,neutral,positive,Positive,1.48889E+18
,,,,,
2/3/2022,neutral,negative,positive,Positive,1.48929E+18
,,,,,
2/3/2022,neutral,negative,negative,Neutral,1.4891E+18
,,,,,
2/5/2022,neutral,negative,fear,Positive,1.48993E+18
,,,,,
2/6/2022,neutral,negative,fear,Fear,1.49029E+18
,,,,,
2/12/2022,neutral,neutral,fear,Positive,1.49254E+18
,,,,,
2/23/2022,neutral,negative,positive,Anticipation,1.49642E+18
,,,,,
2/24/2022,negative,neutral,trust,Trust,1.49681E+18
,,,,,
2/26/2022,negative,negative,fear,Fear,1.49755E+18
,,,,,
2/28/2022,positive,negative,negative,Negative,1.49831E+18
,,,,,
3/9/2022,positive,neutral,fear,Positive,1.50142E+18
,,,,,
3/19/2022,neutral,negative,positive,Positive,1.5052E+18
,,,,,
3/20/2022,neutral,negative,fear,Positive,1.50549E+18
,,,,,
3/20/2022,neutral,negative,negative,Positive,1.50549E+18
,,,,,
3/28/2022,positive,neutral,surprise,Surprise,1.50837E+18
,,,,,
4/4/2022,neutral,negative,positive,Positive,1.51107E+18
,,,,,
4/4/2022,neutral,neutral,trust,Neutral,1.51096E+18
,,,,,
4/6/2022,neutral,neutral,positive,Positive,1.51163E+18
,,,,,
4/8/2022,positive,positive,anticipation,Anticipation,1.51237E+18
,,,,,
4/8/2022,positive,neutral,positive,Positive,1.51228E+18
,,,,,
4/15/2022,positive,neutral,positive,Anger,1.51504E+18
,,,,,
4/17/2022,positive,neutral,positive,Anger,1.51571E+18
,,,,,
5/6/2022,positive,negative,trust,Trust,1.52261E+18
,,,,,
5/17/2022,neutral,positive,positive,Positive,1.52668E+18
,,,,,
5/30/2022,neutral,positive,trust,Trust,1.53115E+18
,,,,,
6/12/2022,neutral,neutral,fear,Neutral,1.53596E+18
,,,,,
6/14/2022,positive,positive,positive,Positive,1.53667E+18
,,,,,
6/30/2022,positive,neutral,trust,Negative,1.54253E+18
,,,,,
6/30/2022,neutral,neutral,anticipation,Positive,1.54248E+18
,,,,,
7/1/2022,positive,negative,fear,Fear,1.54267E+18
,,,,,
7/5/2022,negative,negative,fear,Fear,1.54443E+18
,,,,,
7/6/2022,positive,neutral,surprise,Surprise,1.54449E+18
,,,,,
7/10/2022,positive,neutral,anticipation,Anticipation,1.54604E+18
,,,,,
7/19/2022,positive,positive,trust,Negative,1.54936E+18
,,,,,
7/22/2022,positive,neutral,trust,Positive,NaN
,,,,,
7/22/2022,positive,positive,positive,Positive,NaN
,,,,,
7/22/2022,positive,neutral,positive,Positive,1.55053E+18
,,,,,
7/22/2022,neutral,negative,fear,Fear,1.5505E+18
,,,,,
7/22/2022,neutral,negative,positive,Neutral,1.55044E+18
,,,,,
7/22/2022,neutral,negative,fear,Positive,1.55039E+18
,,,,,
7/22/2022,neutral,negative,negative,Positive,1.55038E+18
,,,,,
7/22/2022,neutral,negative,fear,Fear,1.55036E+18
,,,,,
7/23/2022,positive,negative,fear,Fear,NaN
,,,,,
7/23/2022,positive,neutral,positive,Positive,1.55096E+18
,,,,,
7/23/2022,positive,neutral,trust,Positive,1.55093E+18
,,,,,
7/23/2022,neutral,neutral,positive,Positive,1.55091E+18
,,,,,
7/23/2022,positive,negative,positive,Positive,1.55074E+18
,,,,,
7/23/2022,positive,negative,negative,Negative,1.5507E+18
,,,,,
7/24/2022,positive,neutral,positive,Positive,NaN
,,,,,
7/24/2022,positive,neutral,positive,Positive,1.55131E+18
,,,,,
7/24/2022,neutral,negative,negative,Negative,1.55129E+18
,,,,,
7/24/2022,neutral,negative,negative,Negative,1.55127E+18
,,,,,
7/24/2022,positive,positive,positive,Positive,1.5512E+18
,,,,,
7/24/2022,positive,positive,fear,Positive,1.5511E+18
,,,,,
7/24/2022,neutral,neutral,fear,Neutral,1.55106E+18
,,,,,
7/25/2022,positive,negative,fear,Fear,NaN
,,,,,
7/25/2022,neutral,negative,trust,Negative,NaN
,,,,,
7/25/2022,neutral,neutral,fear,Neutral,1.55168E+18
,,,,,
7/25/2022,neutral,neutral,positive,Neutral,1.55159E+18
,,,,,
7/25/2022,negative,negative,anticipation,Anticipation,1.55155E+18
,,,,,
7/25/2022,positive,neutral,positive,Positive,1.55152E+18
,,,,,
7/26/2022,positive,negative,anger,Neutral,1.55202E+18
,,,,,
7/26/2022,negative,negative,positive,Neutral,1.55201E+18
,,,,,
7/26/2022,positive,negative,negative,Positive,1.55196E+18
,,,,,
7/26/2022,neutral,negative,fear,Fear,1.55191E+18
,,,,,
7/26/2022,positive,negative,negative,Positive,1.5519E+18
,,,,,
7/26/2022,positive,neutral,trust,Anger,1.55189E+18
,,,,,
7/26/2022,positive,negative,trust,Negative,1.55188E+18
,,,,,
7/26/2022,neutral,negative,fear,Positive,1.55181E+18
,,,,,
7/26/2022,positive,negative,anticipation,Anticipation,1.55177E+18
,,,,,
7/27/2022,neutral,negative,fear,Fear,1.55234E+18
,,,,,
7/27/2022,positive,neutral,positive,Positive,1.55226E+18
,,,,,
7/28/2022,negative,neutral,positive,Negative,NaN
,,,,,
7/28/2022,neutral,positive,positive,Anger,NaN
,,,,,
7/28/2022,neutral,neutral,positive,Positive,1.55265E+18
,,,,,
7/28/2022,positive,positive,fear,Positive,1.55263E+18
,,,,,
7/28/2022,positive,neutral,positive,Anger,1.5526E+18
,,,,,
7/29/2022,neutral,neutral,fear,Neutral,NaN
,,,,,
7/29/2022,positive,positive,positive,Positive,NaN
,,,,,
7/29/2022,positive,neutral,positive,Positive,1.55316E+18
,,,,,
7/29/2022,neutral,negative,fear,Fear,1.55304E+18
,,,,,
7/29/2022,positive,neutral,positive,Positive,1.55303E+18
,,,,,
7/29/2022,neutral,negative,trust,Positive,1.55299E+18
,,,,,
7/29/2022,neutral,negative,positive,Positive,1.55298E+18
,,,,,
7/29/2022,neutral,negative,fear,Positive,1.55297E+18
,,,,,
7/29/2022,positive,negative,fear,Positive,1.55297E+18
,,,,,
7/29/2022,negative,negative,positive,Positive,1.55297E+18
,,,,,
7/29/2022,positive,neutral,fear,Positive,1.55296E+18
,,,,,
7/29/2022,positive,neutral,trust,Trust,1.55296E+18
,,,,,
7/29/2022,negative,positive,positive,Anger,1.55294E+18
,,,,,
7/29/2022,neutral,neutral,trust,Trust,1.55294E+18
,,,,,
7/29/2022,positive,negative,positive,Positive,1.55293E+18
,,,,,
7/29/2022,positive,negative,positive,Positive,1.55293E+18
,,,,,
7/29/2022,positive,negative,surprise,Surprise,1.55292E+18
,,,,,
7/29/2022,positive,neutral,positive,Positive,1.55292E+18
,,,,,
7/29/2022,positive,neutral,trust,Trust,1.55289E+18
,,,,,
7/30/2022,positive,negative,surprise,Surprise,NaN
,,,,,
7/30/2022,neutral,neutral,positive,Neutral,1.5535E+18
,,,,,
7/30/2022,neutral,neutral,positive,Neutral,1.55349E+18
,,,,,
7/30/2022,positive,neutral,trust,Trust,1.55349E+18
,,,,,
7/30/2022,positive,negative,positive,Positive,1.55348E+18
,,,,,
7/30/2022,positive,positive,positive,Positive,1.55347E+18
,,,,,
7/30/2022,positive,neutral,fear,Positive,1.55345E+18
,,,,,
7/30/2022,positive,negative,negative,Negative,1.55341E+18
,,,,,
7/30/2022,neutral,negative,negative,Negative,1.5534E+18
,,,,,
7/30/2022,neutral,negative,trust,Neutral,1.55339E+18
,,,,,
7/30/2022,neutral,negative,negative,Negative,1.55337E+18
,,,,,
7/30/2022,neutral,negative,trust,Positive,1.55333E+18
,,,,,
7/30/2022,positive,negative,positive,Positive,1.5533E+18
,,,,,
7/30/2022,positive,neutral,positive,Positive,1.55329E+18
,,,,,
7/30/2022,negative,neutral,fear,Positive,1.55328E+18
,,,,,
7/30/2022,neutral,negative,anticipation,Positive,1.55327E+18
