Date,Tweet ID,TextBlob sentiment,VADER sentiment,EmoLex Emotion,Annotated Emotions,,,
2/2/2020,'1224026968678633472',positive,neutral,positive,Positive,,,
2/12/2020,'1227655244844326914',neutral,negative,positive,Neutral,,,
3/1/2020,'1233938752545918976',neutral,negative,trust,Negative,,,
3/1/2020,'1233938752545918976',neutral,negative,trust,Negative,,,
3/4/2020,'1235138001346457600',neutral,negative,positive,Fear,,,
3/9/2020,'1236862836556652545',negative,negative,positive,Negative,,,
3/12/2020,'1238173408371892229',neutral,negative,fear,Positive,,,
3/12/2020,'1238000347039150082',positive,positive,anger,Positive,,,
3/18/2020,'1240115175430262785',neutral,negative,fear,Fear,,,
3/19/2020,'1240678961010692097',positive,positive,anticipation,Anticipation,,,
3/19/2020,'1240560592487940096',negative,negative,trust,Positive,,,
3/20/2020,'1241012760718303234',positive,positive,positive,Positive,,,
3/21/2020,'1241257054184013825',neutral,negative,positive,Neutral,,,
3/22/2020,'1241785774766514178',positive,neutral,positive,Positive,,,
3/23/2020,'1242162790950985736',neutral,neutral,fear,Neutral,,,
3/23/2020,'1242106576212762625',negative,negative,positive,Negative,,,
3/27/2020,'1243544692740022275',neutral,negative,fear,Fear,,,
3/28/2020,'1243909495895592960',neutral,negative,anger,Negative,,,
4/1/2020,'1245359283577016320',negative,neutral,surprise,Negative,,,
4/2/2020,'1245858520601260035',positive,neutral,positive,Positive,,,
4/7/2020,'1247551270061330433',negative,neutral,negative,Negative,,,
4/7/2020,'1247358814413901824',positive,negative,fear,Positive,,,
4/9/2020,'1248263991899668481',positive,neutral,trust,Trust,,,
4/14/2020,'1250094492675424259',negative,neutral,positive,Negative,,,
4/16/2020,'1250823193197150208',negative,negative,positive,Positive,,,
4/18/2020,'1251404299298648065',positive,neutral,positive,Positive,,,
4/21/2020,'1252642252058513408',neutral,negative,positive,Positive,,,
4/22/2020,'1252765339726856193',positive,neutral,fear,Fear,,,
4/24/2020,'1253726215078281216',positive,negative,trust,Trust,,,
4/28/2020,'1255106061964644354',positive,positive,trust,Trust,,,
5/1/2020,'1256015152945737728',neutral,negative,positive,Anticipation,,,
5/4/2020,'1257099613212938240',neutral,neutral,positive,Anticipation,,,
5/5/2020,'1257715203979919360',neutral,neutral,fear,Neutral,,,
5/7/2020,'1258378211479760898',neutral,neutral,anger,Anger,,,
5/16/2020,'1261552142000762880',neutral,negative,fear,Positive,,,
5/22/2020,'1263764184124325888',positive,neutral,positive,Positive,,,
5/23/2020,'1264204577823490049',positive,positive,positive,Positive,,,
6/6/2020,'1269146006412722176',positive,negative,positive,Positive,,,
6/7/2020,'1269681219790307329',neutral,neutral,positive,Positive,,,
6/23/2020,'1275321844091031552',neutral,negative,fear,Anticipation,,,
6/24/2020,'1275628628487868421',positive,positive,positive,Positive,,,
6/24/2020,'1275620284981284865',neutral,negative,positive,Positive,,,
6/27/2020,'1276787301155254272',neutral,negative,positive,Anticipation,,,
7/1/2020,'1278364944174628864',positive,negative,positive,Positive,,,
7/3/2020,'1279142826035613696',positive,positive,positive,Positive,,,
7/8/2020,'1280846862522765319',positive,negative,fear,Negative,,,
7/11/2020,'1281854212591300608',positive,negative,trust,Trust,,,
7/14/2020,'1282958675167055873',neutral,negative,positive,Anticipation,,,
7/18/2020,'1284433698507624449',neutral,negative,positive,Trust,,,
7/19/2020,'1284912719158812673',neutral,negative,positive,Positive,,,
7/20/2020,'1285228230954319873',neutral,negative,negative,Neutral,,,
7/20/2020,'1285130249492221953',neutral,negative,positive,Anticipation,,,
7/21/2020,'1285471276472172545',positive,neutral,trust,Trust,,,
7/24/2020,'1286608372012376065',neutral,negative,fear,Anticipation,,,
7/27/2020,'1287640214794534912',positive,neutral,positive,Positive,,,
8/4/2020,'1290562819419758593',positive,positive,positive,Positive,,,
8/4/2020,'1290500709545369600',neutral,negative,positive,Positive,,,
8/9/2020,'1292443791350259713',neutral,neutral,positive,Trust,,,
8/13/2020,'1293820327156473856',neutral,negative,trust,Trust,,,
8/17/2020,'1295380529437646850',neutral,negative,positive,Positive,,,
8/27/2020,'1298867896530227200',positive,neutral,positive,Positive,,,
8/29/2020,'1299640557325737985',positive,neutral,trust,Trust,,,
8/30/2020,'1300024786232500236',positive,negative,positive,Positive,,,
8/30/2020,'1300012276095819776',positive,positive,positive,Trust,,,
9/5/2020,'1302247195308101633',neutral,negative,positive,Anticipation,,,
9/7/2020,'1303056071750225923',positive,negative,positive,Trust,,,
9/8/2020,'1303214014470729729',positive,negative,negative,Negative,,,
9/15/2020,'1305936194283372547',neutral,neutral,positive,Positive,,,
9/15/2020,'1305788538567503872',positive,positive,positive,Positive,,,
9/19/2020,'1307219980224811016',positive,neutral,positive,Positive,,,
9/21/2020,'1307961955437608960',neutral,neutral,positive,Positive,,,
9/23/2020,'1308824204113043459',negative,negative,fear,Fear,,,
9/26/2020,'1309897581611421696',positive,positive,positive,Anticipation,,,
10/2/2020,'1312058376470159361',negative,neutral,positive,Positive,,,
10/5/2020,'1313032750778245121',negative,positive,positive,Anger,,,
10/5/2020,'1313013632721190912',negative,positive,positive,Anger,,,
10/6/2020,'1313404786184781826',negative,positive,positive,Anger,,,
10/6/2020,'1313404786184781826',positive,positive,positive,Anger,,,
10/6/2020,'1313402885997293568',negative,neutral,positive,Anger,,,
10/6/2020,'1313362494124109824',negative,positive,positive,Anger,,,
10/13/2020,'1316000736879181826',negative,positive,positive,Anger,,,
10/13/2020,'1316000578670125056',negative,positive,positive,Anger,,,
10/13/2020,'1316000189124091904',negative,positive,positive,Anger,,,
10/14/2020,'1316415612801908736',positive,neutral,positive,Anger,,,
10/15/2020,'1316663995890307072',neutral,negative,positive,Neutral,,,
10/29/2020,'1321676045112741888',neutral,negative,fear,Neutral,,,
11/3/2020,'1323605962389938177',neutral,negative,positive,Neutral,,,
11/3/2020,'1323547878191759361',positive,positive,positive,Positive,,,
11/4/2020,'1323977080581705728',negative,neutral,positive,Anger,,,
11/4/2020,'1323969040986103814',negative,neutral,positive,Anger,,,
11/4/2020,'1323957450702233601',negative,positive,positive,Anger,,,
11/4/2020,'1323957219461922817',negative,positive,positive,Anger,,,
11/4/2020,'1323957176608673795',negative,positive,positive,Anger,,,
11/4/2020,'1323957125534670848',negative,positive,positive,Anger,,,
11/4/2020,'1323957091099357184',negative,positive,positive,Anger,,,
11/4/2020,'1323956991979671554',negative,positive,positive,Anger,,,
11/4/2020,'1323956947922657280',negative,positive,positive,Anger,,,
11/4/2020,'1323956882487320584',negative,positive,positive,Anger,,,
11/5/2020,'1324448291233370113',negative,negative,positive,Negative,,,
11/7/2020,'1324977244146720768',neutral,neutral,positive,Anticipation,,,
11/9/2020,'1325860504255025153',positive,neutral,positive,Positive,,,
11/9/2020,'1325798898057814017',neutral,neutral,positive,Positive,,,
11/9/2020,'1325781091630936064',positive,neutral,positive,Positive,,,
11/10/2020,'1326061793031172096',positive,neutral,positive,Positive,,,
11/10/2020,'1325962847243948032',positive,negative,positive,Positive,,,
11/11/2020,'1326569493808766977',positive,neutral,positive,Positive,,,
11/15/2020,'1327983775528128514',neutral,neutral,positive,Positive,,,
11/16/2020,'1328347101227589632',positive,neutral,positive,Positive,,,
11/16/2020,'1328344084579299337',positive,neutral,positive,Positive,,,
11/16/2020,'1328318184907296768',positive,neutral,positive,Positive,,,
11/18/2020,'1329211635987169281',positive,positive,positive,Positive,,,
11/19/2020,'1329438745305739268',positive,positive,positive,Trust,,,
11/21/2020,'1330029111746711554',positive,neutral,positive,Positive,,,
11/23/2020,'1330990524245942274',positive,negative,positive,Negative,,,
11/24/2020,'1331114897858564096',positive,negative,positive,Positive,,,
11/26/2020,'1331846637761814529',neutral,negative,negative,Positive,,,
11/29/2020,'1333101581282267136',neutral,negative,fear,Positive,,,
11/30/2020,'1333444442355871744',neutral,negative,fear,Negative,,,
11/30/2020,'1333384528262537222',positive,positive,positive,Positive,,,
11/30/2020,'1333266431828484102',positive,negative,anticipation,Anticipation,,,
12/1/2020,'1333750881012092928',neutral,negative,positive,Anticipation,,,
12/2/2020,'1334093441853235201',neutral,negative,fear,Positive,,,
12/3/2020,'1334505464839671808',positive,positive,positive,Positive,,,
12/3/2020,'1334447381513973760',positive,negative,fear,Fear,,,
12/8/2020,'1336231820178956288',positive,negative,positive,Positive,,,
12/8/2020,'1336225657995612164',neutral,neutral,positive,Anticipation,,,
12/9/2020,'1336655838866444288',positive,neutral,positive,Positive,,,
12/10/2020,'1336995906982436864',negative,neutral,positive,Positive,,,
12/10/2020,'1336995393029234688',neutral,neutral,fear,Fear,,,
12/10/2020,'1336995309814157313',neutral,neutral,positive,Positive,,,
12/10/2020,'1336981636446113792',positive,neutral,trust,Trust,,,
12/10/2020,'1336950723398021120',neutral,negative,fear,Fear,,,
12/10/2020,'1336888276490260480',positive,positive,positive,Positive,,,
12/11/2020,'1337424946025418755',negative,neutral,positive,Positive,,,
12/11/2020,'1337300992220688386',neutral,negative,positive,Neutral,,,
12/12/2020,'1337736933653565440',positive,neutral,positive,Positive,,,
12/12/2020,'1337629201759948803',negative,neutral,positive,Anger,,,
12/16/2020,'1339135511957565442',neutral,negative,positive,Anticipation,,,
12/16/2020,'1339119546972639233',neutral,negative,positive,Positive,,,
12/17/2020,'1339628105833582597',neutral,neutral,trust,Positive,,,
12/17/2020,'1339604669446950912',neutral,negative,fear,Positive,,,
12/18/2020,'1340025356422701058',positive,negative,trust,Trust,,,
12/19/2020,'1340272835558830081',positive,negative,fear,Positive,,,
12/19/2020,'1340270244779208706',positive,positive,positive,Trust,,,
12/21/2020,'1340979256998899715',positive,negative,positive,Positive,,,
12/22/2020,'1341415949405200385',neutral,neutral,positive,Fear,,,
12/22/2020,'1341401358801522688',positive,neutral,fear,Positive,,,
12/22/2020,'1341368555514732546',positive,neutral,positive,Positive,,,
12/23/2020,'1341800985623203841',positive,positive,trust,Trust,,,
12/23/2020,'1341800426799296514',neutral,neutral,fear,Positive,,,
12/23/2020,'1341628973785227266',neutral,negative,fear,Positive,,,
12/23/2020,'1341616854322843650',neutral,negative,positive,Positive,,,
12/25/2020,'1342533198195138567',positive,positive,positive,Positive,,,
12/27/2020,'1343303117169975305',positive,positive,positive,Positive,,,
12/27/2020,'1343216181872914432',neutral,neutral,positive,Positive,,,
12/27/2020,'1343206349891624962',positive,neutral,negative,Positive,,,
12/27/2020,'1343202386186264577',neutral,neutral,positive,Positive,,,
12/27/2020,'1343162482911813638',neutral,negative,fear,Positive,,,
12/28/2020,'1343489078717788161',positive,negative,positive,Positive,,,
12/28/2020,'1343436275269959682',positive,neutral,positive,Positive,,,
12/29/2020,'1343952327544348673',neutral,neutral,positive,Positive,,,
12/29/2020,'1343844968729899009',neutral,negative,fear,Positive,,,
12/30/2020,'1344387710266519552',positive,negative,positive,Positive,,,
12/30/2020,'1344386643176923136',positive,negative,positive,Positive,,,
12/30/2020,'1344245649173307398',positive,negative,fear,Fear,,,
12/30/2020,'1344235655988178946',neutral,negative,positive,Neutral,,,
12/30/2020,'1344227932735238144',positive,neutral,positive,Trust,,,
12/31/2020,'1344628096692080641',neutral,negative,positive,Trust,,,
1/1/2021,'1344904136140185600',positive,negative,anticipation,Anticipation,,,
1/2/2021,'1345437489012617223',neutral,negative,positive,Anticipation,,,
1/2/2021,'1345434884941242375',positive,positive,positive,Positive,,,
1/2/2021,'1345343759182143493',positive,positive,fear,Trust,,,
1/2/2021,'1345339765890158598',positive,neutral,trust,Trust,,,
1/3/2021,'1345828636620976131',positive,positive,fear,Trust,,,
1/3/2021,'1345815286629490688',neutral,negative,positive,Positive,,,
1/3/2021,'1345716924622245890',neutral,neutral,positive,Positive,,,
1/4/2021,'1346146943131652099',positive,positive,positive,Positive,,,
1/4/2021,'1346134669306327043',positive,neutral,positive,Positive,,,
1/4/2021,'1346133847776374789',positive,neutral,positive,Positive,,,
1/4/2021,'1346132170432274433',neutral,negative,fear,Positive,,,
1/4/2021,'1346127349499260930',positive,positive,positive,Positive,,,
1/4/2021,'1345923906843062273',positive,neutral,positive,Trust,,,
1/5/2021,'NaN',positive,neutral,positive,Positive,,,
1/5/2021,'1346590025388077058',neutral,positive,positive,Trust,,,
1/5/2021,'1346493687828770819',negative,negative,positive,Positive,,,
1/5/2021,'1346432451116228609',neutral,negative,positive,Anticipation,,,
1/5/2021,'1346292783011786752',neutral,neutral,positive,Neutral,,,
1/7/2021,'1347309141275136007',positive,negative,fear,Fear,,,
1/7/2021,'1347096048750256128',neutral,negative,positive,Positive,,,
1/7/2021,'1347042831374815233',positive,positive,positive,Positive,,,
1/8/2021,'1347615538692939779',neutral,negative,positive,Positive,,,
1/8/2021,'1347573460277592072',positive,neutral,positive,Positive,,,
1/8/2021,'1347520414432567298',neutral,negative,positive,Positive,,,
1/8/2021,'1347420163679916033',positive,positive,positive,Positive,,,
1/9/2021,'1347940306021281793',positive,neutral,fear,Neutral,,,
1/10/2021,'1348266219477102592',neutral,positive,fear,Trust,,,
1/10/2021,'1348191436991303680',positive,positive,positive,Positive,,,
1/11/2021,'1348719210009141248',negative,negative,positive,Positive,,,
1/11/2021,'1348718071654080516',positive,negative,trust,Trust,,,
1/11/2021,'1348676136507736065',neutral,negative,fear,Positive,,,
1/12/2021,'1348956874826248194',neutral,negative,fear,Positive,,,
1/12/2021,'1348956801044275200',positive,neutral,negative,Neutral,,,
1/12/2021,'1348946344996712448',neutral,negative,fear,Positive,,,
1/12/2021,'1348894220338266112',positive,neutral,anticipation,Anticipation,,,
1/13/2021,'1349350891355308033',neutral,negative,fear,Fear,,,
1/13/2021,'1349247424271945729',neutral,neutral,fear,Trust,,,
1/14/2021,'1349665022360903680',neutral,negative,positive,Anger,,,
1/14/2021,'1349624712536727553',neutral,negative,fear,Positive,,,
1/16/2021,'1350544871724085252',neutral,negative,fear,Fear,,,
1/16/2021,'1350495290873229313',neutral,negative,fear,Trust,,,
1/16/2021,'1350416966163570690',neutral,neutral,positive,Positive,,,
1/16/2021,'1350398050641055744',positive,neutral,positive,Positive,,,
1/17/2021,'1350819641380253696',positive,positive,fear,Trust,,,
1/17/2021,'1350770286648549380',positive,positive,positive,Positive,,,
1/17/2021,'1350739033501147139',positive,neutral,positive,Positive,,,
1/17/2021,'1350733757360336896',neutral,negative,fear,Positive,,,
1/17/2021,'1350716411950333957',positive,neutral,anticipation,Anticipation,,,
1/17/2021,'1350665080401223680',neutral,neutral,positive,Positive,,,
1/18/2021,'1351264242113114112',neutral,negative,positive,Negative,,,
1/18/2021,'1351149841032876036',positive,neutral,positive,Positive,,,
1/18/2021,'1351128227394281476',positive,neutral,fear,Fear,,,
1/18/2021,'1351104951326535680',neutral,neutral,negative,Positive,,,
1/18/2021,'1351079513988468745',positive,neutral,anticipation,Anticipation,,,
1/18/2021,'1351064504315097095',negative,negative,positive,Negative,,,
1/18/2021,'1351013314713812992',neutral,negative,positive,Neutral,,,
1/19/2021,'1351561705772486663',neutral,neutral,positive,Anticipation,,,
1/19/2021,'1351531479151636480',neutral,negative,positive,Positive,,,
1/19/2021,'1351515606642778113',neutral,negative,fear,Fear,,,
1/19/2021,'1351494169492119555',positive,neutral,positive,Positive,,,
1/19/2021,'1351424254903001090',negative,neutral,fear,Fear,,,
1/19/2021,'1351390986916818944',positive,neutral,positive,Positive,,,
1/19/2021,'1351352355032354816',positive,neutral,fear,Fear,,,
1/19/2021,'1351350558871986183',positive,neutral,fear,Fear,,,
1/20/2021,'1351863877764587520',neutral,negative,positive,Negative,,,
1/20/2021,'1351852542636994561',negative,negative,positive,Positive,,,
1/20/2021,'1351852537343844352',positive,positive,negative,Positive,,,
1/20/2021,'1351839862522073095',positive,neutral,positive,Positive,,,
1/21/2021,'NaN',neutral,negative,fear,Positive,,,
1/21/2021,'1352321927159947266',neutral,negative,positive,Positive,,,
1/21/2021,'1352226250069319682',neutral,negative,positive,Neutral,,,
1/21/2021,'1352226093504323586',positive,neutral,positive,Positive,,,
1/21/2021,'1352206262356893704',neutral,neutral,positive,Neutral,,,
1/21/2021,'1352204032186658817',positive,positive,positive,Positive,,,
1/21/2021,'1352127922522497025',neutral,neutral,positive,Anger,,,
1/21/2021,'1352127784542490625',neutral,neutral,positive,Anger,,,
1/22/2021,'1352614457780932616',positive,positive,positive,Trust,,,
1/22/2021,'1352474402785525761',neutral,negative,positive,Fear,,,
1/23/2021,'1352991987604066305',positive,positive,positive,Positive,,,
1/23/2021,'1352989453225226240',neutral,negative,positive,Positive,,,
1/23/2021,'1352895990043455489',neutral,negative,fear,Neutral,,,
1/24/2021,'1353316526514982912',positive,neutral,positive,Positive,,,
1/24/2021,'1353305023346839552',neutral,neutral,positive,Trust,,,
1/25/2021,'1353573321149980674',neutral,neutral,positive,Positive,,,
1/26/2021,'1354124307488780289',negative,negative,trust,Negative,,,
1/26/2021,'1353966235759861760',positive,neutral,positive,Positive,,,
1/26/2021,'1353930961306705921',positive,positive,fear,Trust,,,
1/27/2021,'1354492427529302017',neutral,neutral,fear,Trust,,,
1/27/2021,'1354452587865649154',positive,neutral,trust,Trust,,,
1/27/2021,'1354373177238020098',neutral,negative,fear,Positive,,,
1/27/2021,'1354372937932034049',neutral,negative,fear,Positive,,,
1/28/2021,'1354891278702546945',positive,negative,positive,Positive,,,
1/28/2021,'1354731699117187072',neutral,negative,trust,Trust,,,
1/28/2021,'1354626127965335561',neutral,negative,positive,Trust,,,
1/29/2021,'1355066155900219392',positive,positive,positive,Positive,,,
1/30/2021,'1355568634844901388',neutral,negative,fear,Positive,,,
1/30/2021,'1355550524507086854',positive,positive,positive,Positive,,,
1/30/2021,'1355529674793889793',negative,neutral,positive,Anger,,,
1/30/2021,'1355456866281684995',neutral,neutral,fear,Positive,,,
1/30/2021,'1355429853412130819',neutral,neutral,positive,Trust,,,
1/30/2021,'1355428054949109761',neutral,neutral,positive,Trust,,,
1/31/2021,'1355985432685780992',neutral,neutral,trust,Negative,,,
1/31/2021,'1355917893037416448',positive,negative,fear,Positive,,,
1/31/2021,'1355883563082768388',positive,positive,trust,Trust,,,
1/31/2021,'1355758209680764931',negative,neutral,positive,Trust,,,
1/31/2021,'1355751467660038144',neutral,negative,fear,Positive,,,
2/1/2021,'1356365709471862795',positive,neutral,positive,Positive,,,
2/1/2021,'1356318415829540864',neutral,negative,fear,Fear,,,
2/1/2021,'1356183208090546176',neutral,positive,positive,Trust,,,
2/1/2021,'1356110249674088448',negative,negative,positive,Neutral,,,
2/2/2021,'1356639990738993153',negative,neutral,positive,Anger,,,
2/2/2021,'1356629643797880833',neutral,negative,positive,Positive,,,
2/2/2021,'1356539460159168513',positive,positive,positive,Positive,,,
2/3/2021,'1357004654744375300',neutral,neutral,positive,Neutral,,,
2/3/2021,'1357003919176708098',positive,positive,positive,Trust,,,
2/3/2021,'1356986469122990086',positive,positive,positive,Positive,,,
2/5/2021,'1357592949312356355',neutral,negative,positive,Positive,,,
2/5/2021,'1357552861715038208',neutral,negative,fear,Positive,,,
2/6/2021,'NaN',positive,positive,positive,Trust,,,
2/7/2021,'1358403275284955145',positive,neutral,positive,Positive,,,
2/7/2021,'1358300468598956032',neutral,negative,positive,Trust,,,
2/8/2021,'1358889416815697920',neutral,neutral,positive,Positive,,,
2/8/2021,'1358807851968389123',neutral,negative,trust,Positive,,,
2/8/2021,'1358774139570565122',neutral,negative,trust,Trust,,,
2/8/2021,'1358749983080611840',positive,neutral,positive,Positive,,,
2/8/2021,'1358704234582200320',neutral,negative,fear,Positive,,,
2/8/2021,'1358701006784200705',neutral,negative,positive,Anger,,,
2/8/2021,'1358699472268767235',positive,negative,fear,Negative,,,
2/8/2021,'1358670004477165568',negative,neutral,fear,Trust,,,
2/10/2021,'1359601689523875840',neutral,negative,positive,Anger,,,
2/10/2021,'1359398700062244865',positive,neutral,positive,Positive,,,
2/10/2021,'1359347644439678976',neutral,negative,positive,Trust,,,
2/11/2021,'1359893515312988161',positive,negative,fear,Positive,,,
2/11/2021,'1359798647718830080',neutral,neutral,positive,Trust,,,
2/12/2021,'1360323928250585091',positive,positive,positive,Positive,,,
2/12/2021,'1360067756352274434',neutral,negative,positive,Trust,,,
2/13/2021,'1360668201227583493',neutral,negative,trust,Trust,,,
2/14/2021,'1360953283217674241',neutral,neutral,fear,Trust,,,
2/14/2021,'1360912073857912833',positive,negative,trust,Anger,,,
2/15/2021,'1361330681197043714',neutral,positive,positive,Anger,,,
2/15/2021,'1361309985599283203',neutral,negative,positive,Positive,,,
2/15/2021,'1361225871135297539',positive,neutral,fear,Positive,,,
2/16/2021,'1361603965218095105',negative,negative,anger,Anger,,,
2/18/2021,'1362368431660621824',neutral,negative,trust,Trust,,,
2/20/2021,'1363089886660673536',positive,positive,fear,Anticipation,,,
2/21/2021,'1363555529977643020',positive,positive,fear,Trust,,,
2/21/2021,'1363394939149688832',neutral,positive,positive,Positive,,,
2/21/2021,'1363336508086751236',neutral,negative,fear,Anticipation,,,
2/22/2021,'1363780228401618948',positive,positive,positive,Positive,,,
2/23/2021,'1364276878022905858',neutral,neutral,trust,Trust,,,
2/23/2021,'1364061889186181121',positive,positive,positive,Positive,,,
2/24/2021,'1364527303313616896',neutral,neutral,positive,Positive,,,
2/25/2021,'1364971244035198982',neutral,negative,positive,Positive,,,
2/25/2021,'1364845247365345282',neutral,neutral,positive,Positive,,,
2/25/2021,'1364788198363131905',positive,neutral,negative,Positive,,,
2/26/2021,'1365224381924933632',positive,neutral,positive,Positive,,,
2/27/2021,'1365604509943164931',positive,neutral,fear,Neutral,,,
2/28/2021,'1366054480521793540',positive,positive,positive,Positive,,,
3/1/2021,'1366376370285215744',neutral,neutral,positive,Positive,,,
3/2/2021,'1366718543341907969',positive,neutral,fear,Positive,,,
3/2/2021,'1366645386366967810',positive,negative,fear,Negative,,,
3/2/2021,'1366614521071230977',neutral,negative,positive,Positive,,,
3/3/2021,'1367011100969951233',positive,negative,trust,Trust,,,
3/4/2021,'1367480063558623243',positive,neutral,positive,Positive,,,
3/5/2021,'1367968067687309312',neutral,negative,positive,Positive,,,
3/5/2021,'1367838431510937600',positive,positive,trust,Trust,,,
3/7/2021,'1368460686334906368',neutral,negative,positive,Anger,,,
3/7/2021,'1368411461207359490',neutral,negative,positive,Trust,,,
3/9/2021,'1369333093983748099',positive,positive,positive,Trust,,,
3/9/2021,'1369321967409639427',positive,neutral,positive,Positive,,,
3/10/2021,'1369556642505793536',neutral,negative,fear,Positive,,,
3/10/2021,'1369529843453472770',neutral,negative,fear,Positive,,,
3/11/2021,'1370005347239399427',positive,positive,surprise,Surprise,,,
3/11/2021,'1369961483791138818',positive,neutral,positive,Positive,,,
3/12/2021,'1370163906992205826',neutral,negative,trust,Trust,,,
3/13/2021,'1370642445927600129',neutral,negative,positive,Positive,,,
3/14/2021,'1371063290445586433',neutral,negative,positive,Positive,,,
3/14/2021,'1371041964653748224',neutral,neutral,positive,Positive,,,
3/15/2021,'1371370587105427458',positive,neutral,fear,Trust,,,
3/15/2021,'1371344481769943040',positive,positive,fear,Positive,,,
3/16/2021,'1371691215037493252',neutral,negative,trust,Neutral,,,
3/17/2021,'1372241150053072903',neutral,negative,fear,Fear,,,
3/20/2021,'1373399086594985986',positive,neutral,positive,Positive,,,
3/21/2021,'1373727652993847297',neutral,negative,fear,Positive,,,
3/21/2021,'1373548344698617856',positive,neutral,surprise,Surprise,,,
3/21/2021,'1373485546626895872',neutral,negative,fear,Positive,,,
3/22/2021,'1374056920135430144',positive,negative,negative,Positive,,,
3/22/2021,'1374056920135430144',positive,negative,negative,Positive,,,
3/22/2021,'1374028763432845312',neutral,neutral,fear,Anger,,,
3/22/2021,'1373856788852916224',neutral,negative,fear,Fear,,,
3/24/2021,'1374721969816485936',neutral,neutral,positive,Positive,,,
3/24/2021,'1374669863541735424',neutral,negative,positive,Positive,,,
3/24/2021,'1374633987335974916',neutral,negative,fear,Positive,,,
3/25/2021,'1375130966474248192',neutral,negative,fear,Fear,,,
3/26/2021,'1375449821130067968',negative,negative,fear,Fear,,,
3/26/2021,'1375444970744733696',neutral,neutral,positive,Positive,,,
3/26/2021,'1375365967098830848',neutral,neutral,positive,Positive,,,
3/26/2021,'1375346712303300610',neutral,negative,positive,Trust,,,
3/26/2021,'1375286733177114629',neutral,negative,fear,Positive,,,
3/28/2021,'1376207076481884172',neutral,neutral,fear,Trust,,,
3/29/2021,'1376624204817309701',neutral,negative,fear,Positive,,,
3/29/2021,'1376560033475928064',positive,neutral,positive,Positive,,,
3/29/2021,'1376486765985460224',positive,negative,anticipation,Anticipation,,,
3/30/2021,'1377006715254665216',positive,positive,positive,Positive,,,
3/30/2021,'1376881310992642052',positive,negative,positive,Positive,,,
3/31/2021,'1377228164171231235',positive,positive,trust,Trust,,,
4/2/2021,'1377873113279434753',neutral,negative,fear,Negative,,,
4/5/2021,'1379146070576541697',neutral,negative,fear,Positive,,,
4/5/2021,'1379095893622816773',neutral,negative,positive,Positive,,,
4/5/2021,'1378975799819272200',neutral,negative,fear,Positive,,,
4/7/2021,'1379763967648800772',neutral,neutral,positive,Neutral,,,
4/8/2021,'1380211771844222981',neutral,negative,surprise,Trust,,,
4/8/2021,'1380211769562501126',negative,negative,negative,Negative,,,
4/9/2021,'1380621842885574662',positive,neutral,fear,Positive,,,
4/9/2021,'1380532997737308170',neutral,negative,positive,Trust,,,
4/13/2021,'1381955056128438273',positive,negative,fear,Positive,,,
4/14/2021,'1382203908173488129',neutral,neutral,positive,Positive,,,
4/15/2021,'1382773097384710147',neutral,neutral,anticipation,Anticipation,,,
4/15/2021,'1382642725883944968',positive,positive,negative,Negative,,,
4/15/2021,'1382584491206537222',neutral,negative,trust,Positive,,,
4/19/2021,'1384149552891011078',positive,neutral,positive,Positive,,,
4/21/2021,'1384921404446056452',positive,neutral,positive,Positive,,,
4/21/2021,'1384733012667953152',neutral,neutral,positive,Positive,,,
4/22/2021,'1385178649775771651',neutral,neutral,fear,Fear,,,
4/22/2021,'1385171863408611328',neutral,negative,fear,Positive,,,
4/22/2021,'1385120892271857664',neutral,negative,fear,Positive,,,
4/23/2021,'1385481283359412225',neutral,negative,positive,Negative,,,
4/24/2021,'1385959788383723525',neutral,negative,fear,Anticipation,,,
4/25/2021,'1386195051341041665',neutral,negative,positive,Positive,,,
4/26/2021,'1386584176732868610',neutral,neutral,fear,Positive,,,
4/27/2021,'1387087783542599680',neutral,neutral,fear,Positive,,,
4/27/2021,'1387086656512176128',positive,negative,fear,Trust,,,
4/27/2021,'1386963433069768709',neutral,negative,positive,Positive,,,
4/27/2021,'1386893785834131456',neutral,negative,fear,Positive,,,
4/27/2021,'1386842277432152071',neutral,negative,fear,Positive,,,
4/28/2021,'1387438357823774720',neutral,negative,fear,Positive,,,
4/28/2021,'1387343564540108806',positive,positive,trust,Positive,,,
4/28/2021,'1387308379337543681',negative,neutral,fear,Fear,,,
4/29/2021,'1387636104841601024',neutral,negative,fear,Neutral,,,
4/29/2021,'1387630859730046977',neutral,negative,positive,Positive,,,
4/29/2021,'1387619367584780292',neutral,negative,fear,Positive,,,
4/30/2021,'1388188181334528002',positive,positive,trust,Positive,,,
5/1/2021,'1388542629772673026',neutral,negative,fear,Neutral,,,
5/1/2021,'1388420853252206592',positive,neutral,fear,Anger,,,
5/2/2021,'1388905573689831424',positive,neutral,trust,Trust,,,
5/2/2021,'1388903115986984969',positive,neutral,trust,Trust,,,
5/2/2021,'1388672893870034948',neutral,negative,positive,Neutral,,,
5/3/2021,'1389218875825340417',neutral,negative,fear,Positive,,,
5/3/2021,'1389194788373635074',neutral,negative,positive,Positive,,,
5/4/2021,'1389427170339037187',neutral,negative,fear,Positive,,,
5/5/2021,'1390032434012459010',neutral,negative,positive,Positive,,,
5/5/2021,'1389846797691064322',neutral,negative,fear,Positive,,,
5/6/2021,'1390258522261176322',positive,neutral,trust,Trust,,,
5/6/2021,'1390105930797305857',positive,neutral,anger,Positive,,,
5/7/2021,'1390726063853027342',neutral,negative,positive,Positive,,,
5/7/2021,'1390704864485810176',neutral,neutral,positive,Positive,,,
5/7/2021,'1390693914131238912',neutral,neutral,positive,Positive,,,
5/10/2021,'1391780433810108422',positive,negative,positive,Positive,,,
5/10/2021,'1391662254140104705',positive,positive,positive,Positive,,,
5/10/2021,'1391629610907881472',positive,positive,positive,Positive,,,
5/11/2021,'1392058515926274048',neutral,negative,positive,Positive,,,
5/11/2021,'1392016925027442688',positive,positive,positive,Positive,,,
5/12/2021,'1392455370606530566',positive,neutral,positive,Positive,,,
5/13/2021,'1392829868694548480',neutral,negative,positive,Anticipation,,,
5/14/2021,'1393178693246324736',neutral,neutral,negative,Negative,,,
5/15/2021,'1393663667900751872',positive,negative,positive,Negative,,,
5/16/2021,'1393894369284042754',positive,positive,anticipation,Anticipation,,,
5/16/2021,'1393837228560764931',positive,negative,fear,Positive,,,
5/17/2021,'1394364340330024968',positive,neutral,positive,Positive,,,
5/17/2021,'1394208854150365185',positive,neutral,fear,Trust,,,
5/18/2021,'1394722906316410000',neutral,negative,positive,Positive,,,
5/18/2021,'1394692792715079689',neutral,negative,positive,Neutral,,,
5/18/2021,'1394611466897006593',positive,positive,fear,Trust,,,
5/18/2021,'1394587596869840898',positive,neutral,positive,Positive,,,
5/20/2021,'NaN',negative,negative,positive,Negative,,,
5/21/2021,'1395561108812013570',negative,positive,positive,Negative,,,
5/22/2021,'NaN',positive,positive,positive,Positive,,,
5/22/2021,'1396110811207249922',positive,neutral,positive,Positive,,,
5/24/2021,'1396900629717692417',neutral,neutral,trust,Neutral,,,
5/24/2021,'1396862197318434825',positive,neutral,positive,Positive,,,
5/26/2021,'1397429640067751939',positive,negative,fear,Neutral,,,
5/27/2021,'1397978202836856832',negative,negative,trust,Trust,,,
5/27/2021,'1397955175638355969',positive,neutral,fear,Anticipation,,,
5/27/2021,'1397918945642881026',positive,positive,trust,Trust,,,
5/27/2021,'1397900393275928576',neutral,negative,positive,Positive,,,
5/27/2021,'1397828333925191681',neutral,positive,positive,Positive,,,
5/28/2021,'1398308050717474816',positive,neutral,positive,Positive,,,
5/29/2021,'1398561316122550274',positive,neutral,positive,Positive,,,
5/31/2021,'1399473575132905475',neutral,neutral,positive,Positive,,,
5/31/2021,'1399300901416865796',positive,positive,positive,Positive,,,
5/31/2021,'1399241362445418504',neutral,negative,fear,Neutral,,,
6/1/2021,'1399593237107593216',positive,negative,positive,Positive,,,
6/2/2021,'1399946722428739585',negative,negative,anticipation,Anticipation,,,
6/5/2021,'1401227618599325697',neutral,neutral,fear,Positive,,,
6/5/2021,'1401205307850829834',neutral,negative,positive,Positive,,,
6/5/2021,'1401020206726660096',neutral,negative,fear,Neutral,,,
6/6/2021,'1401585068796227587',positive,neutral,positive,Positive,,,
6/6/2021,'1401455520054194177',positive,negative,trust,Trust,,,
6/7/2021,'1401979901973045248',positive,negative,positive,Positive,,,
6/8/2021,'1402298720843186186',neutral,neutral,trust,Positive,,,
6/9/2021,'1402612256915955718',neutral,neutral,negative,Positive,,,
6/9/2021,'1402554000910827520',neutral,neutral,fear,Positive,,,
6/9/2021,'1402526818905870338',positive,negative,positive,Positive,,,
6/10/2021,'1403100151984574464',positive,positive,positive,Positive,,,
6/10/2021,'1402801548523155458',positive,negative,negative,Positive,,,
6/11/2021,'1403426581163413516',positive,negative,negative,Positive,,,
6/11/2021,'1403358464810778625',positive,neutral,positive,Positive,,,
6/13/2021,'1404076039282778115',positive,neutral,positive,Positive,,,
6/13/2021,'1404041615065366529',positive,negative,fear,Positive,,,
6/15/2021,'1404773460694519812',neutral,negative,fear,Fear,,,
6/16/2021,'1404997606514827264',neutral,negative,fear,Positive,,,
6/17/2021,'1405631411437150211',neutral,negative,fear,Positive,,,
6/17/2021,'1405391203009548294',neutral,negative,trust,Anger,,,
6/18/2021,'1405966238073884682',neutral,negative,fear,Positive,,,
6/18/2021,'1405931882743840780',neutral,negative,fear,Fear,,,
6/22/2021,'1407329934503198732',neutral,negative,fear,Trust,,,
6/22/2021,'1407269542955528193',positive,positive,positive,Positive,,,
6/24/2021,'1408096958330327041',neutral,neutral,fear,Trust,,,
6/24/2021,'1408017454434029570',negative,neutral,trust,Trust,,,
6/24/2021,'1407974543004557313',positive,neutral,fear,Fear,,,
6/28/2021,'1409341940697550850',neutral,negative,trust,Fear,,,
6/29/2021,'1409895695600001029',neutral,positive,positive,Positive,,,
6/29/2021,'1409800222876839936',negative,negative,trust,Negative,,,
6/30/2021,'1410199968657416193',neutral,neutral,positive,Anticipation,,,
7/1/2021,'1410667975703683076',negative,negative,fear,Fear,,,
7/1/2021,'1410558624649383943',neutral,positive,positive,Trust,,,
7/1/2021,'1410558456768221189',positive,negative,negative,Positive,,,
7/2/2021,'1411093468005294083',neutral,negative,fear,Positive,,,
7/2/2021,'1410906339350622210',neutral,neutral,trust,Trust,,,
7/4/2021,'1411633849302409216',neutral,neutral,fear,Fear,,,
7/5/2021,'1412060748046553095',positive,negative,positive,Positive,,,
7/5/2021,'1412031204023488512',positive,positive,positive,Positive,,,
7/6/2021,'1412391135083995141',neutral,negative,positive,Positive,,,
7/6/2021,'1412315671552217091',neutral,negative,fear,Anticipation,,,
7/9/2021,'1413593668800364546',neutral,negative,positive,Positive,,,
7/12/2021,'1414522692003192834',positive,neutral,positive,Positive,,,
7/12/2021,'1414437521568813059',negative,neutral,positive,Neutral,,,
7/12/2021,'1414436470048399360',positive,negative,positive,Positive,,,
7/12/2021,'1414382275337224192',neutral,negative,positive,Fear,,,
7/12/2021,'1414381879055118340',negative,neutral,anger,Anger,,,
7/13/2021,'1414994358240153603',positive,negative,negative,Negative,,,
7/13/2021,'1414854383116902400',positive,neutral,positive,Positive,,,
7/13/2021,'1414845442257473540',neutral,neutral,fear,Neutral,,,
7/15/2021,'1415560277588942850',neutral,positive,trust,Trust,,,
7/15/2021,'1415550578273439746',neutral,neutral,positive,Positive,,,
7/18/2021,'1416817544627904512',neutral,negative,positive,Positive,,,
7/19/2021,'1416916834645905410',neutral,neutral,sadness,Anger,,,
7/20/2021,'1417554775617458186',negative,negative,positive,Positive,,,
7/22/2021,'1418179847101325312',positive,neutral,positive,Positive,,,
7/24/2021,'1418906240885854214',neutral,negative,fear,Positive,,,
7/26/2021,'1419785633590124546',positive,negative,fear,Positive,,,
7/26/2021,'1419693944057827328',positive,positive,positive,Positive,,,
7/26/2021,'1419499405531566083',neutral,neutral,fear,Fear,,,
8/1/2021,'1421697892377579525',neutral,negative,fear,Positive,,,
8/1/2021,'1421675165365178369',positive,negative,sadness,Sadness,,,
8/4/2021,'1423044426822193159',neutral,neutral,positive,Positive,,,
8/4/2021,'1423041834519973889',neutral,negative,fear,Positive,,,
8/4/2021,'1422793856073060354',neutral,negative,positive,Neutral,,,
8/5/2021,'1423311028478173188',positive,negative,fear,Positive,,,
8/8/2021,'1424393274811420677',positive,positive,positive,Positive,,,
8/9/2021,'1424572595530256385',positive,neutral,fear,Positive,,,
8/9/2021,'1424537212322992132',positive,neutral,positive,Positive,,,
8/10/2021,'1425188143943372801',positive,neutral,trust,Trust,,,
8/10/2021,'1425060012330786816',neutral,neutral,trust,Neutral,,,
8/12/2021,'1425789816822665218',neutral,negative,positive,Positive,,,
8/13/2021,'1426192603406602246',positive,neutral,fear,Positive,,,
8/14/2021,'1426499050229026819',negative,negative,positive,Positive,,,
8/15/2021,'1427030444063830017',positive,neutral,positive,Positive,,,
8/15/2021,'1426808501221924866',neutral,negative,positive,Positive,,,
8/15/2021,'1426792925078376448',neutral,negative,anticipation,Negative,,,
8/17/2021,'1427687176016302083',neutral,negative,positive,Positive,,,
8/17/2021,'1427613171955666957',neutral,negative,positive,Positive,,,
8/17/2021,'1427545023650963456',neutral,negative,fear,Positive,,,
8/17/2021,'1427530564547063812',negative,positive,positive,Positive,,,
8/17/2021,'1427527829407903775',negative,neutral,trust,Trust,,,
8/17/2021,'1427494017965731851',negative,neutral,fear,Positive,,,
8/18/2021,'1428068052361482246',neutral,negative,fear,Anticipation,,,
8/19/2021,'1428357607366881281',neutral,negative,positive,Anticipation,,,
8/19/2021,'1428249236005662724',neutral,neutral,fear,Positive,,,
8/19/2021,'1428207282920243204',neutral,negative,fear,Anticipation,,,
8/20/2021,'1428711760312274944',neutral,negative,positive,Trust,,,
8/20/2021,'1428536526951133188',positive,neutral,positive,Positive,,,
8/21/2021,'1429123334415990787',neutral,negative,positive,Anger,,,
8/21/2021,'1429121847048671232',neutral,negative,fear,Anger,,,
8/21/2021,'1428993863792857090',positive,negative,trust,Neutral,,,
8/22/2021,'1429442295317811202',neutral,negative,fear,Neutral,,,
8/22/2021,'1429414098408706052',neutral,neutral,trust,Neutral,,,
8/22/2021,'1429329465851715587',positive,neutral,positive,Positive,,,
8/23/2021,'NaN',positive,neutral,trust,Trust,,,
8/23/2021,'1429806547870363655',positive,neutral,positive,Surprise,,,
8/23/2021,'1429785108039585794',neutral,negative,positive,Positive,,,
8/23/2021,'1429725472645128194',positive,negative,trust,Neutral,,,
8/23/2021,'1429676094546923525',positive,neutral,trust,Trust,,,
8/24/2021,'1430271155445846025',positive,neutral,positive,Positive,,,
8/24/2021,'1430233843898912772',positive,negative,fear,Fear,,,
8/24/2021,'1430151003140239364',neutral,negative,fear,Anticipation,,,
8/25/2021,'1430647369448763395',neutral,negative,anger,Positive,,,
8/25/2021,'1430646153670955008',positive,neutral,trust,Trust,,,
8/25/2021,'1430385175154810883',neutral,negative,fear,Anticipation,,,
8/26/2021,'1430897427494555654',negative,negative,positive,Neutral,,,
8/27/2021,'1431124469247090694',neutral,negative,fear,Fear,,,
8/27/2021,'1431090243256586248',positive,negative,fear,Fear,,,
8/28/2021,'1431681915162173446',neutral,negative,anticipation,Anticipation,,,
8/29/2021,'1432068864108601348',positive,positive,positive,Positive,,,
8/29/2021,'1431985615097184259',positive,negative,fear,Positive,,,
8/29/2021,'1431934813532037122',neutral,neutral,positive,Positive,,,
8/29/2021,'1431934813532037122',neutral,neutral,positive,Positive,,,
8/29/2021,'1431931198658338820',positive,negative,positive,Positive,,,
8/29/2021,'1431846368860069894',neutral,negative,fear,Positive,,,
8/31/2021,'1432605906014031872',neutral,negative,fear,Trust,,,
9/1/2021,'1433104448579153922',neutral,neutral,positive,Trust,,,
9/1/2021,'1432921833393868801',neutral,positive,positive,Trust,,,
9/2/2021,'1433395742631202816',positive,negative,fear,Positive,,,
9/2/2021,'1433367076996005892',neutral,neutral,fear,Positive,,,
9/4/2021,'1434091440762728448',positive,neutral,fear,Fear,,,
9/4/2021,'1434030810835865602',positive,neutral,trust,Trust,,,
9/4/2021,'1434030509621972999',positive,neutral,trust,Trust,,,
9/4/2021,'1434024149396119558',negative,negative,fear,Fear,,,
9/5/2021,'1434497870107979778',neutral,neutral,fear,Positive,,,
9/6/2021,'1434994778429706254',neutral,negative,positive,Positive,,,
9/6/2021,'1434887030719275013',positive,neutral,positive,Positive,,,
9/6/2021,'1434806748062392322',positive,negative,negative,Neutral,,,
9/7/2021,'1435257673608486916',positive,negative,positive,Positive,,,
9/7/2021,'1435220678349889543',neutral,neutral,negative,Negative,,,
9/9/2021,'1435924897369317382',negative,negative,fear,Positive,,,
9/10/2021,'1436239153570750467',neutral,neutral,positive,Negative,,,
9/14/2021,'1437621060271316993',neutral,neutral,trust,Positive,,,
9/15/2021,'1438140002630766599',positive,neutral,positive,Positive,,,
9/16/2021,'1438406936039395332',positive,neutral,fear,Positive,,,
9/17/2021,'1438946490836262912',neutral,negative,fear,Positive,,,
9/17/2021,'1438915199956881412',neutral,negative,positive,Positive,,,
9/17/2021,'1438782075834937347',neutral,neutral,fear,Positive,,,
9/17/2021,'1438764697638035458',neutral,negative,anger,Anger,,,
9/18/2021,'1439128643180105730',neutral,negative,fear,Fear,,,
9/19/2021,'NaN',neutral,negative,fear,Positive,,,
9/21/2021,'1440393434104098822',neutral,negative,negative,Negative,,,
9/21/2021,'1440371839113392129',positive,neutral,trust,Trust,,,
9/21/2021,'1440263493274374144',neutral,negative,positive,Fear,,,
9/22/2021,'1440737184508612612',neutral,negative,fear,Positive,,,
9/22/2021,'1440633306974883848',positive,negative,fear,Fear,,,
9/22/2021,'1440544679615815689',neutral,neutral,fear,Positive,,,
9/23/2021,'1441033611377983495',neutral,negative,fear,Fear,,,
9/23/2021,'1440969466393894914',positive,positive,trust,Trust,,,
9/23/2021,'1440906741282189312',neutral,negative,positive,Anger,,,
9/24/2021,'1441436433986699268',negative,neutral,positive,Positive,,,
9/25/2021,'1441821530959147016',negative,negative,negative,Negative,,,
9/28/2021,'1442828561426042882',neutral,negative,anticipation,Anticipation,,,
9/30/2021,'1443480379315396608',neutral,negative,trust,Positive,,,
10/2/2021,'1444354590200111105',positive,positive,positive,Positive,,,
10/5/2021,'1445348759299403784',positive,positive,positive,Positive,,,
10/10/2021,'1447268201348411392',positive,neutral,trust,Trust,,,
10/10/2021,'1447265945559474179',neutral,negative,negative,Negative,,,
10/11/2021,'1447636290346835974',negative,negative,fear,Fear,,,
10/11/2021,'1447450383991943169',neutral,negative,positive,Sadness,,,
10/14/2021,'1448566328705441798',positive,neutral,positive,Anger,,,
10/14/2021,'1448474777660887047',neutral,negative,fear,Fear,,,
10/14/2021,'1448470474346926089',positive,negative,fear,Fear,,,
10/17/2021,'1449606317077790721',positive,negative,fear,Positive,,,
10/18/2021,'1449940629207855106',positive,neutral,positive,Anger,,,
10/19/2021,'1450499003544657923',neutral,neutral,positive,Positive,,,
10/20/2021,'1450891878749151233',neutral,negative,positive,Sadness,,,
10/20/2021,'1450889611329384448',neutral,neutral,fear,Fear,,,
10/21/2021,'1451129467347288067',neutral,negative,fear,Positive,,,
10/21/2021,'1451084706645217282',positive,neutral,positive,Anger,,,
10/31/2021,'1454695529833713665',negative,negative,negative,Negative,,,
11/1/2021,'1455117579949912066',neutral,negative,positive,Trust,,,
11/1/2021,'1455080387676413957',positive,neutral,positive,Anger,,,
11/1/2021,'1455046216371290117',positive,positive,fear,Positive,,,
11/2/2021,'1455606016637382665',negative,positive,positive,Anger,,,
11/2/2021,'1455461163874099203',positive,negative,positive,Positive,,,
11/2/2021,'1455432727331844097',positive,positive,positive,Positive,,,
11/2/2021,'1455393147232608257',positive,negative,fear,Positive,,,
11/3/2021,'1455914103646695436',neutral,negative,fear,Fear,,,
11/3/2021,'1455880656442073089',neutral,neutral,negative,Positive,,,
11/3/2021,'1455880074146746368',positive,negative,fear,Positive,,,
11/3/2021,'1455819210316263425',positive,neutral,positive,Positive,,,
11/12/2021,'1459067570414403600',neutral,negative,fear,Fear,,,
11/13/2021,'1459448405034426377',neutral,negative,fear,Fear,,,
11/23/2021,'1463156938372493324',negative,negative,positive,Negative,,,
11/24/2021,'1463400173506338826',negative,negative,positive,Positive,,,
11/27/2021,'1464565819460005890',neutral,negative,positive,Trust,,,
11/27/2021,'1464436396471500801',negative,negative,trust,Negative,,,
11/28/2021,'1464935376913584135',positive,negative,anticipation,Anticipation,,,
11/29/2021,'1465399804540993537',neutral,negative,fear,Positive,,,
11/29/2021,'1465343361330847744',neutral,negative,fear,Positive,,,
11/30/2021,'1465649862570041345',neutral,negative,fear,Positive,,,
12/1/2021,'1466082325888962567',negative,neutral,positive,Anger,,,
12/2/2021,'1466243541047390217',positive,negative,positive,Positive,,,
12/5/2021,'1467536686808809482',positive,positive,trust,Trust,,,
12/13/2021,'1470381621647925254',negative,negative,negative,Positive,,,
12/13/2021,'1470260384376492039',positive,neutral,fear,Trust,,,
12/14/2021,'1470639825925681152',positive,neutral,trust,Trust,,,
12/16/2021,'1471444254761365505',neutral,negative,fear,Positive,,,
12/17/2021,'1471765052864794628',positive,neutral,fear,Trust,,,
12/17/2021,'1471668169144094720',positive,positive,positive,Positive,,,
12/20/2021,'1472818248605442048',positive,negative,positive,Positive,,,
12/23/2021,'1474054484716404742',neutral,neutral,trust,Negative,,,
12/25/2021,'1474594707397222400',negative,negative,trust,Negative,,,
12/25/2021,'1474586054082514947',positive,neutral,trust,Trust,,,
12/27/2021,'1475470384585527297',positive,neutral,positive,Positive,,,
12/28/2021,'1475875720094175238',neutral,negative,positive,Positive,,,
12/28/2021,'1475874585836986370',neutral,negative,fear,Positive,,,
12/28/2021,'1475824984828297219',positive,neutral,fear,Positive,,,
12/28/2021,'1475635017095258121',neutral,neutral,positive,Neutral,,,
12/29/2021,'1476064324330401794',neutral,negative,fear,Positive,,,
1/1/2022,'1477305224633384961',positive,neutral,trust,Trust,,,
1/1/2022,'1477304445621137408',neutral,neutral,positive,Neutral,,,
1/1/2022,'1477233831837065216',neutral,neutral,positive,Positive,,,
1/2/2022,'1477497954130972674',positive,neutral,positive,Positive,,,
1/3/2022,'1477994528309194752',neutral,negative,positive,Neutral,,,
1/5/2022,'1478802687072346117',neutral,neutral,positive,Positive,,,
1/5/2022,'1478730095028314113',neutral,negative,fear,Fear,,,
1/5/2022,'1478724627476189185',neutral,negative,fear,Positive,,,
1/5/2022,'1478646254406189056',positive,neutral,negative,Trust,,,
1/6/2022,'1479177239379984394',positive,neutral,positive,Positive,,,
1/6/2022,'1478944728980889601',neutral,negative,fear,Positive,,,
1/7/2022,'1479365348197650432',neutral,negative,anticipation,Negative,,,
1/8/2022,'1479703364061777920',negative,negative,positive,Negative,,,
1/9/2022,'1480254080371068934',positive,positive,positive,Positive,,,
1/9/2022,'1480153667986673664',neutral,negative,negative,Negative,,,
1/11/2022,'1480717001463107587',negative,neutral,positive,Positive,,,
1/12/2022,'1481346548923617289',neutral,negative,positive,Trust,,,
1/19/2022,'1483840629713289218',negative,negative,positive,Negative,,,
1/19/2022,'1483715141053124609',neutral,negative,trust,Negative,,,
1/23/2022,'1485333838674939904',positive,negative,fear,Positive,,,
1/26/2022,'1486346897535156229',neutral,positive,anticipation,Anticipation,,,
1/26/2022,'1486346563396030468',negative,neutral,positive,Anger,,,
1/28/2022,'1486981694733586435',positive,negative,positive,Positive,,,
1/29/2022,'1487539516957249536',neutral,negative,fear,Positive,,,
1/30/2022,'1487872606791692288',neutral,negative,positive,Positive,,,
2/1/2022,'1488513624419221508',positive,negative,negative,Negative,,,
2/2/2022,'1488896381179809792',neutral,negative,fear,Positive,,,
2/2/2022,'1488892427297607680',positive,neutral,positive,Positive,,,
2/3/2022,'1489290827729977349',neutral,negative,positive,Positive,,,
2/3/2022,'1489101719162298369',neutral,negative,negative,Neutral,,,
2/5/2022,'1489926036544536577',neutral,negative,fear,Positive,,,
2/6/2022,'1490288795073318916',neutral,negative,fear,Fear,,,
2/12/2022,'1492540289441013760',neutral,neutral,fear,Positive,,,
2/23/2022,'1496417508827537408',neutral,negative,positive,Anticipation,,,
2/24/2022,'1496805374879748096',negative,neutral,trust,Trust,,,
2/26/2022,'1497548001627324419',negative,negative,fear,Fear,,,
2/28/2022,'1498307956546457601',positive,negative,negative,Negative,,,
3/9/2022,'1501417006440009733',positive,neutral,fear,Positive,,,
3/19/2022,'1505199983427006467',neutral,negative,positive,Positive,,,
3/20/2022,'1505493067113107457',neutral,negative,fear,Positive,,,
3/20/2022,'1505485784236933122',neutral,negative,negative,Positive,,,
3/28/2022,'1508371622377529354',positive,neutral,surprise,Surprise,,,
4/4/2022,'1511065205035483136',neutral,negative,positive,Positive,,,
4/4/2022,'1510958684809179139',neutral,neutral,trust,Neutral,,,
4/6/2022,'1511628248714727426',neutral,neutral,positive,Positive,,,
4/8/2022,'1512373466279911425',positive,positive,anticipation,Anticipation,,,
4/8/2022,'1512278494142730244',positive,neutral,positive,Positive,,,
4/15/2022,'1515039716294463497',positive,neutral,positive,Anger,,,
4/17/2022,'1515714027497967626',positive,neutral,positive,Anger,,,
5/6/2022,'1522614535936516097',positive,negative,trust,Trust,,,
5/17/2022,'1526679064433635328',neutral,positive,positive,Positive,,,
5/30/2022,'1531147247265660929',neutral,positive,trust,Trust,,,
6/12/2022,'1535963455299239938',neutral,neutral,fear,Neutral,,,
6/14/2022,'1536669542356815875',positive,positive,positive,Positive,,,
6/30/2022,'1542527908278931456',positive,neutral,trust,Negative,,,
6/30/2022,'1542479039985860609',neutral,neutral,anticipation,Positive,,,
7/1/2022,'1542673017104486400',positive,negative,fear,Fear,,,
7/5/2022,'1544425350243012614',negative,negative,fear,Fear,,,
7/6/2022,'1544488740294369285',positive,neutral,surprise,Surprise,,,
7/10/2022,'1546041674467516417',positive,neutral,anticipation,Anticipation,,,
7/19/2022,'1549361564456714241',positive,positive,trust,Negative,,,
7/22/2022,'NaN',positive,neutral,trust,Positive,,,
7/22/2022,'NaN',positive,positive,positive,Positive,,,
7/22/2022,'1550534718583611394',positive,neutral,positive,Positive,,,
7/22/2022,'1550499150478950400',neutral,negative,fear,Fear,,,
7/22/2022,'1550438768917740000',neutral,negative,positive,Neutral,,,
7/22/2022,'1550388802014875650',neutral,negative,fear,Positive,,,
7/22/2022,'1550383975515963392',neutral,negative,negative,Positive,,,
7/22/2022,'1550361489634205696',neutral,negative,fear,Fear,,,
7/23/2022,'NaN',positive,negative,fear,Fear,,,
7/23/2022,'1550963343246213122',positive,neutral,positive,Positive,,,
7/23/2022,'1550934359095517185',positive,neutral,trust,Positive,,,
7/23/2022,'1550913689460555778',neutral,neutral,positive,Positive,,,
7/23/2022,'1550737638227058689',positive,negative,positive,Positive,,,
7/23/2022,'1550699542097567744',positive,negative,negative,Negative,,,
7/24/2022,'NaN',positive,neutral,positive,Positive,,,
7/24/2022,'1551308907049615361',positive,neutral,positive,Positive,,,
7/24/2022,'1551294800757915651',neutral,negative,negative,Negative,,,
7/24/2022,'1551272589217202177',neutral,negative,negative,Negative,,,
7/24/2022,'1551199725143363585',positive,positive,positive,Positive,,,
7/24/2022,'1551100643011547136',positive,positive,fear,Positive,,,
7/24/2022,'1551064684480151553',neutral,neutral,fear,Neutral,,,
7/25/2022,'NaN',positive,negative,fear,Fear,,,
7/25/2022,'NaN',neutral,negative,trust,Negative,,,
7/25/2022,'1551683883095171072',neutral,neutral,fear,Neutral,,,
7/25/2022,'1551585104111310000',neutral,neutral,positive,Neutral,,,
7/25/2022,'1551551593375567874',negative,negative,anticipation,Anticipation,,,
7/25/2022,'1551520343910596608',positive,neutral,positive,Positive,,,
7/26/2022,'1552021733678485505',positive,negative,anger,Neutral,,,
7/26/2022,'1552007459073654786',negative,negative,positive,Neutral,,,
7/26/2022,'1551955397635985408',positive,negative,negative,Positive,,,
7/26/2022,'1551906189700526080',neutral,negative,fear,Fear,,,
7/26/2022,'1551901554931908611',positive,negative,negative,Positive,,,
7/26/2022,'1551885360392806400',positive,neutral,trust,Anger,,,
7/26/2022,'1551884860230406144',positive,negative,trust,Negative,,,
7/26/2022,'1551813433049448448',neutral,negative,fear,Positive,,,
7/26/2022,'1551765120149330000',positive,negative,anticipation,Anticipation,,,
7/27/2022,'1552340188650770433',neutral,negative,fear,Fear,,,
7/27/2022,'1552257729837907968',positive,neutral,positive,Positive,,,
7/28/2022,'NaN',negative,neutral,positive,Negative,,,
7/28/2022,'NaN',neutral,positive,positive,Anger,,,
7/28/2022,'1552654674565554177',neutral,neutral,positive,Positive,,,
7/28/2022,'1552630166639312896',positive,positive,fear,Positive,,,
7/28/2022,'1552603574747774977',positive,neutral,positive,Anger,,,
7/29/2022,'NaN',neutral,neutral,fear,Neutral,,,
7/29/2022,'NaN',positive,positive,positive,Positive,,,
7/29/2022,'1553164719791525889',positive,neutral,positive,Positive,,,
7/29/2022,'1553043803740770306',neutral,negative,fear,Fear,,,
7/29/2022,'1553027537617539074',positive,neutral,positive,Positive,,,
7/29/2022,'1552989895039361024',neutral,negative,trust,Positive,,,
7/29/2022,'1552983446670266380',neutral,negative,positive,Positive,,,
7/29/2022,'1552974444792000000',neutral,negative,fear,Positive,,,
7/29/2022,'1552971950724726786',positive,negative,fear,Positive,,,
7/29/2022,'1552965914940801024',negative,negative,positive,Positive,,,
7/29/2022,'1552960802604420000',positive,neutral,fear,Positive,,,
7/29/2022,'1552957206533920000',positive,neutral,trust,Trust,,,
7/29/2022,'1552943302831382533',negative,positive,positive,Anger,,,
7/29/2022,'1552937304397840000',neutral,neutral,trust,Trust,,,
7/29/2022,'1552927255147390000',positive,negative,positive,Positive,,,
7/29/2022,'1552926250359870000',positive,negative,positive,Positive,,,
7/29/2022,'1552920160268435458',positive,negative,surprise,Surprise,,,
7/29/2022,'1552920119981920000',positive,neutral,positive,Positive,,,
7/29/2022,'1552885577464283137',positive,neutral,trust,Trust,,,
7/30/2022,'NaN',positive,negative,surprise,Surprise,,,
7/30/2022,'1553501954134794240',neutral,neutral,positive,Neutral,,,
7/30/2022,'1553488157064044544',neutral,neutral,positive,Neutral,,,
7/30/2022,'1553485686518546433',positive,neutral,trust,Trust,,,
7/30/2022,'1553480991817211907',positive,negative,positive,Positive,,,
7/30/2022,'1553468607648120833',positive,positive,positive,Positive,,,
7/30/2022,'1553451746122272768',positive,neutral,fear,Positive,,,
7/30/2022,'1553409519606177793',positive,negative,negative,Negative,,,
7/30/2022,'1553400777896611843',neutral,negative,negative,Negative,,,
7/30/2022,'1553390452438605826',neutral,negative,trust,Neutral,,,
7/30/2022,'1553373679656091648',neutral,negative,negative,Negative,,,
7/30/2022,'1553326122942619649',neutral,negative,trust,Positive,,,
7/30/2022,'1553301182378119168',positive,negative,positive,Positive,,,
7/30/2022,'1553287297973583873',positive,neutral,positive,Positive,,,
7/30/2022,'1553276487419273216',negative,neutral,fear,Positive,,,
7/30/2022,'1553270521189600000',neutral,negative,anticipation,Positive,,,
,,,,,,,,
